Rk,Player,Age,Team,Pos,G,GS,MP,FG,FGA,FG%,3P,3PA,3P%,2P,2PA,2P%,eFG%,FT,FTA,FT%,ORB,DRB,TRB,AST,STL,BLK,TOV,PF,PTS,ORtg,DRtg,Awards,season_end_year,season
1.0,Damian Lillard,22.0,POR,PG,82.0,82.0,3167.0,9.2,21.4,0.429,3.1,8.3,0.368,6.1,13.0,0.469,0.501,4.5,5.3,0.844,0.7,3.6,4.3,8.8,1.2,0.3,4.0,2.9,25.9,108.0,112.0,ROY-1,2013,2012-13
2.0,Kevin Durant,24.0,OKC,SF,81.0,81.0,3119.0,12.1,23.6,0.51,2.3,5.5,0.416,9.8,18.1,0.539,0.559,11.2,12.4,0.905,0.8,9.8,10.6,6.2,1.9,1.7,4.6,2.4,37.6,122.0,100.0,"MVP-2,AS,NBA1",2013,2012-13
3.0,Monta Ellis,27.0,MIL,SG,82.0,82.0,3076.0,9.8,23.7,0.416,1.5,5.4,0.287,8.3,18.3,0.454,0.448,4.8,6.2,0.773,0.7,4.5,5.2,8.2,2.8,0.6,4.2,2.7,26.0,100.0,105.0,,2013,2012-13
4.0,DeMar DeRozan,23.0,TOR,SG,82.0,82.0,3013.0,9.7,21.7,0.445,0.6,2.1,0.283,9.1,19.6,0.463,0.459,6.3,7.5,0.831,0.8,4.8,5.6,3.6,1.3,0.4,2.7,3.0,26.2,105.0,110.0,,2013,2012-13
5.0,Kobe Bryant,34.0,LAL,SG,78.0,78.0,3013.0,12.5,26.9,0.463,2.2,6.9,0.324,10.2,20.0,0.51,0.504,8.9,10.6,0.839,1.1,6.2,7.3,7.9,1.8,0.4,4.8,2.9,36.0,112.0,107.0,"MVP-5,AS,NBA1",2013,2012-13
6.0,James Harden,23.0,HOU,SG,78.0,78.0,2985.0,9.8,22.4,0.438,3.0,8.1,0.368,6.8,14.2,0.477,0.504,11.3,13.3,0.851,1.0,5.3,6.3,7.6,2.4,0.6,4.9,3.0,33.8,116.0,106.0,"MVP-8,AS,NBA3",2013,2012-13
7.0,Stephen Curry,24.0,GSW,PG,78.0,78.0,2983.0,10.7,23.6,0.451,4.6,10.2,0.453,6.0,13.4,0.449,0.549,4.5,5.0,0.9,1.0,4.3,5.3,9.2,2.1,0.2,4.1,3.4,30.4,115.0,107.0,MVP-11,2013,2012-13
8.0,Paul George,22.0,IND,SF,79.0,79.0,2972.0,8.8,21.1,0.419,3.0,8.4,0.362,5.8,12.7,0.457,0.491,4.0,4.9,0.807,1.6,9.2,10.8,5.9,2.6,0.9,4.2,4.1,24.7,104.0,97.0,"DPOY-8,MIP-1,AS,NBA3,DEF2",2013,2012-13
9.0,Klay Thompson,22.0,GSW,SG,82.0,82.0,2936.0,8.8,20.9,0.422,3.7,9.1,0.401,5.1,11.8,0.437,0.509,2.3,2.7,0.841,0.6,4.7,5.3,3.2,1.5,0.8,2.7,4.1,23.5,102.0,107.0,,2013,2012-13
10.0,Jrue Holiday,22.0,PHI,PG,78.0,78.0,2926.0,10.0,23.2,0.431,1.6,4.5,0.368,8.4,18.8,0.446,0.466,3.3,4.4,0.752,1.6,4.3,5.9,11.3,2.2,0.6,5.3,3.1,24.9,99.0,107.0,AS,2013,2012-13
11.0,O.J. Mayo,25.0,DAL,SG,82.0,82.0,2913.0,8.1,18.0,0.449,2.5,6.1,0.407,5.6,11.9,0.471,0.519,3.3,4.1,0.82,0.6,4.5,5.1,6.3,1.6,0.4,3.7,3.4,22.0,104.0,109.0,,2013,2012-13
12.0,David Lee,29.0,GSW,PF,79.0,79.0,2907.0,10.5,20.3,0.519,0.0,0.1,0.0,10.5,20.2,0.521,0.519,4.5,5.6,0.797,3.8,11.7,15.5,4.9,1.2,0.4,3.6,4.3,25.5,110.0,104.0,"MVP-12,AS,NBA3",2013,2012-13
13.0,Luol Deng,27.0,CHI,SF,75.0,75.0,2903.0,8.6,20.2,0.426,1.4,4.3,0.322,7.2,15.9,0.455,0.461,4.3,5.2,0.816,3.0,5.8,8.8,4.1,1.5,0.6,2.7,1.9,22.9,105.0,105.0,"DPOY-15,AS",2013,2012-13
14.0,Brandon Jennings,23.0,MIL,PG,80.0,80.0,2897.0,8.7,21.8,0.399,3.0,8.1,0.375,5.7,13.8,0.412,0.468,4.0,4.9,0.819,1.0,3.3,4.3,9.1,2.2,0.2,3.6,2.7,24.4,106.0,108.0,,2013,2012-13
15.0,Evan Turner,24.0,PHI,SF,82.0,82.0,2892.0,8.0,19.2,0.419,1.1,2.9,0.365,7.0,16.3,0.428,0.446,2.8,3.8,0.74,1.0,8.4,9.4,6.5,1.3,0.3,3.4,3.6,20.0,95.0,106.0,,2013,2012-13
16.0,LeBron James,28.0,MIA,PF,76.0,76.0,2877.0,14.1,24.9,0.565,1.9,4.7,0.406,12.2,20.2,0.602,0.603,7.4,9.8,0.753,1.8,9.4,11.2,10.1,2.4,1.2,4.2,2.0,37.5,125.0,101.0,"MVP-1,DPOY-2,AS,NBA1,DEF1",2013,2012-13
17.0,Russell Westbrook,24.0,OKC,PG,82.0,82.0,2861.0,12.1,27.6,0.438,1.7,5.4,0.323,10.4,22.2,0.466,0.47,8.3,10.3,0.8,2.0,5.7,7.7,10.9,2.6,0.4,4.9,3.4,34.2,111.0,103.0,"MVP-9,DPOY-17,AS,NBA2",2013,2012-13
18.0,Kemba Walker,22.0,CHA,PG,82.0,82.0,2859.0,9.7,22.8,0.423,2.0,6.1,0.322,7.7,16.7,0.459,0.466,5.4,6.8,0.798,1.1,4.1,5.2,8.6,2.9,0.6,3.7,2.8,26.7,105.0,111.0,,2013,2012-13
19.0,Deron Williams,28.0,BRK,PG,78.0,78.0,2842.0,9.4,21.4,0.44,3.2,8.5,0.378,6.2,12.9,0.482,0.516,6.0,7.0,0.859,0.6,3.9,4.4,11.5,1.4,0.6,4.1,3.7,28.1,118.0,109.0,,2013,2012-13
20.0,Nicolas Batum,24.0,POR,SF,73.0,73.0,2807.0,6.6,15.6,0.423,3.1,8.3,0.372,3.5,7.3,0.481,0.522,3.3,3.9,0.848,1.8,5.9,7.7,6.7,1.7,1.6,3.6,2.6,19.6,109.0,109.0,,2013,2012-13
21.0,Marc Gasol,28.0,MEM,C,80.0,80.0,2796.0,8.3,16.9,0.494,0.0,0.3,0.071,8.3,16.6,0.501,0.494,5.2,6.1,0.848,3.6,8.5,12.1,6.2,1.6,2.7,3.0,5.0,21.9,115.0,98.0,"MVP-12,DPOY-1,NBA2,DEF2",2013,2012-13
22.0,LaMarcus Aldridge,27.0,POR,PF,74.0,74.0,2790.0,12.0,24.8,0.484,0.0,0.3,0.143,12.0,24.6,0.488,0.485,5.3,6.6,0.81,3.3,9.3,12.6,3.6,1.2,1.7,2.7,3.5,29.4,108.0,107.0,AS,2013,2012-13
23.0,Andre Iguodala,29.0,DEN,SG,80.0,80.0,2779.0,7.2,16.0,0.451,1.7,5.2,0.317,5.5,10.8,0.515,0.502,2.8,4.9,0.574,1.5,6.2,7.7,7.9,2.5,0.9,3.7,2.3,18.9,105.0,105.0,DPOY-9,2013,2012-13
24.0,Chandler Parsons,24.0,HOU,SF,76.0,76.0,2758.0,8.3,17.0,0.486,2.8,7.2,0.385,5.5,9.9,0.559,0.567,2.0,2.8,0.729,1.4,5.9,7.3,4.9,1.4,0.6,2.7,2.7,21.3,113.0,108.0,,2013,2012-13
25.0,Mike Conley,25.0,MEM,PG,80.0,80.0,2757.0,8.2,18.5,0.44,2.1,5.8,0.362,6.1,12.7,0.476,0.497,4.6,5.6,0.83,0.8,3.6,4.4,9.6,3.4,0.5,3.7,3.4,23.0,111.0,100.0,"DPOY-21,DEF2",2013,2012-13
26.0,Al Horford,26.0,ATL,C,74.0,74.0,2756.0,10.8,19.9,0.543,0.1,0.1,0.5,10.8,19.8,0.544,0.545,2.5,3.9,0.644,3.7,10.6,14.2,4.5,1.5,1.5,2.8,3.1,24.2,110.0,102.0,,2013,2012-13
27.0,Dwight Howard,27.0,LAL,C,76.0,76.0,2722.0,8.8,15.2,0.578,0.0,0.1,0.167,8.8,15.1,0.581,0.579,6.6,13.5,0.492,4.7,13.0,17.6,2.0,1.6,3.5,4.2,5.4,24.2,105.0,100.0,"DPOY-14,AS,NBA3",2013,2012-13
28.0,Greg Monroe,22.0,DET,C,81.0,81.0,2687.0,10.1,20.8,0.486,0.0,0.1,0.0,10.1,20.7,0.488,0.486,5.3,7.7,0.689,4.6,10.6,15.3,5.5,2.1,1.1,4.6,3.7,25.5,104.0,105.0,,2013,2012-13
29.0,Rudy Gay,26.0,2TM,SF,75.0,74.0,2687.0,10.4,25.1,0.416,1.7,5.2,0.323,8.7,19.9,0.44,0.449,4.8,5.9,0.814,2.0,7.2,9.2,4.0,2.3,1.1,4.0,3.6,27.3,98.0,102.0,,2013,2012-13
29.0,Rudy Gay,26.0,MEM,SF,42.0,42.0,1541.0,9.9,24.2,0.408,1.4,4.5,0.31,8.5,19.7,0.431,0.438,4.3,5.5,0.776,2.0,6.8,8.8,3.8,2.0,1.1,3.7,3.1,25.5,97.0,101.0,,2013,2012-13
29.0,Rudy Gay,26.0,TOR,SF,33.0,32.0,1146.0,11.1,26.2,0.425,2.0,6.1,0.336,9.1,20.1,0.452,0.464,5.5,6.4,0.856,2.0,7.8,9.8,4.4,2.6,1.0,4.4,4.4,29.8,99.0,105.0,,2013,2012-13
30.0,Greivis Vásquez,26.0,NOH,PG,78.0,78.0,2685.0,8.8,20.4,0.433,1.7,4.9,0.342,7.2,15.5,0.462,0.474,2.5,3.1,0.805,0.9,5.9,6.8,14.2,1.3,0.1,5.0,3.8,21.9,105.0,112.0,,2013,2012-13
31.0,Josh Smith,27.0,ATL,PF,76.0,76.0,2683.0,10.6,22.8,0.465,1.2,3.9,0.303,9.4,18.9,0.498,0.491,3.2,6.2,0.517,2.6,9.8,12.3,6.2,1.8,2.6,4.4,3.4,25.6,97.0,101.0,,2013,2012-13
32.0,J.R. Smith,27.0,NYK,SG,80.0,0.0,2678.0,10.5,24.9,0.422,3.1,8.7,0.356,7.4,16.2,0.458,0.484,4.7,6.2,0.762,1.3,7.2,8.5,4.4,2.0,0.5,2.7,4.5,28.9,107.0,106.0,6MOY-1,2013,2012-13
33.0,Joe Johnson,31.0,BRK,SG,72.0,72.0,2642.0,9.1,21.5,0.423,3.0,8.1,0.375,6.1,13.4,0.452,0.493,2.7,3.3,0.82,1.1,3.4,4.5,5.2,1.0,0.3,2.5,2.0,23.9,109.0,111.0,,2013,2012-13
34.0,Jeremy Lin,24.0,HOU,PG,82.0,82.0,2640.0,7.5,17.0,0.441,1.6,4.9,0.339,5.8,12.1,0.483,0.49,4.1,5.2,0.785,0.6,4.1,4.7,9.4,2.5,0.5,4.5,3.9,20.7,106.0,107.0,,2013,2012-13
35.0,Tayshaun Prince,32.0,2TM,SF,82.0,81.0,2631.0,7.3,16.7,0.438,0.8,1.9,0.404,6.5,14.8,0.442,0.461,2.0,2.6,0.738,1.5,5.9,7.4,4.0,1.0,0.5,1.8,1.7,17.3,103.0,108.0,,2013,2012-13
35.0,Tayshaun Prince,32.0,DET,SF,45.0,45.0,1457.0,7.8,17.6,0.444,0.8,1.9,0.434,7.0,15.6,0.445,0.468,2.7,3.4,0.796,1.6,6.0,7.6,4.0,0.8,0.5,2.0,1.6,19.1,105.0,111.0,,2013,2012-13
35.0,Tayshaun Prince,32.0,MEM,SF,37.0,36.0,1174.0,6.7,15.5,0.429,0.7,1.9,0.366,6.0,13.6,0.437,0.451,1.0,1.7,0.595,1.3,5.8,7.2,3.9,1.2,0.6,1.6,1.9,15.0,100.0,103.0,,2013,2012-13
36.0,Thaddeus Young,24.0,PHI,PF,76.0,76.0,2629.0,10.2,19.2,0.531,0.0,0.2,0.125,10.2,19.1,0.535,0.532,2.2,3.8,0.574,3.7,7.8,11.5,2.5,2.7,1.1,1.8,3.8,22.6,109.0,103.0,,2013,2012-13
37.0,Jeff Teague,24.0,ATL,PG,80.0,78.0,2628.0,8.7,19.2,0.451,1.8,4.9,0.359,6.9,14.3,0.482,0.496,3.9,4.5,0.881,0.5,3.1,3.5,11.4,2.3,0.6,4.5,3.6,23.0,106.0,106.0,,2013,2012-13
38.0,George Hill,26.0,IND,PG,76.0,76.0,2620.0,7.8,17.7,0.443,2.6,7.2,0.368,5.2,10.5,0.494,0.518,3.5,4.3,0.817,1.0,4.8,5.8,7.2,1.6,0.5,2.4,2.7,21.9,117.0,102.0,,2013,2012-13
39.0,Zach Randolph,31.0,MEM,PF,76.0,75.0,2607.0,9.8,21.3,0.46,0.0,0.5,0.087,9.8,20.8,0.469,0.461,4.7,6.2,0.75,6.5,11.3,17.8,2.2,1.3,0.6,3.1,3.7,24.3,106.0,99.0,AS,2013,2012-13
40.0,Blake Griffin,23.0,LAC,PF,80.0,80.0,2598.0,11.7,21.7,0.538,0.1,0.6,0.179,11.6,21.2,0.548,0.541,5.7,8.6,0.66,3.8,9.6,13.4,6.1,2.0,1.0,3.8,4.7,29.2,114.0,102.0,"AS,NBA2",2013,2012-13
41.0,Goran Dragić,26.0,PHO,PG,77.0,77.0,2581.0,8.0,18.0,0.443,1.8,5.5,0.319,6.2,12.5,0.497,0.491,4.9,6.5,0.748,1.2,3.5,4.7,11.3,2.5,0.5,4.2,4.3,22.6,109.0,109.0,,2013,2012-13
42.0,Al Jefferson,28.0,UTA,C,78.0,78.0,2578.0,12.5,25.3,0.494,0.0,0.3,0.118,12.5,25.0,0.5,0.495,3.4,4.4,0.77,3.2,11.5,14.7,3.4,1.6,1.8,2.2,3.5,28.5,109.0,104.0,,2013,2012-13
43.0,Paul Pierce,35.0,BOS,SF,77.0,77.0,2575.0,9.7,22.2,0.436,2.9,7.8,0.38,6.7,14.4,0.466,0.502,6.8,8.6,0.787,0.9,9.0,9.9,7.5,1.7,0.6,4.3,4.3,29.1,106.0,102.0,,2013,2012-13
44.0,Tristan Thompson,21.0,CLE,PF,82.0,82.0,2564.0,7.9,16.2,0.488,0.0,0.1,0.0,7.9,16.1,0.49,0.488,3.6,5.9,0.608,6.2,9.5,15.7,2.2,1.2,1.4,2.5,4.7,19.4,108.0,108.0,,2013,2012-13
45.0,Nikola Vučević,22.0,ORL,C,77.0,77.0,2559.0,9.4,18.1,0.519,0.0,0.1,0.0,9.4,18.0,0.52,0.519,1.8,2.6,0.683,5.6,13.1,18.7,2.9,1.2,1.6,2.9,4.4,20.5,106.0,105.0,,2013,2012-13
46.0,Carlos Boozer,31.0,CHI,PF,79.0,79.0,2546.0,11.5,24.1,0.477,0.0,0.0,0.0,11.5,24.0,0.478,0.477,4.1,5.6,0.731,3.7,12.6,16.3,3.8,1.4,0.6,3.7,5.0,27.0,101.0,100.0,,2013,2012-13
47.0,Alonzo Gee,25.0,CLE,SF,82.0,82.0,2541.0,6.2,15.2,0.41,1.4,4.5,0.315,4.8,10.7,0.45,0.456,3.3,4.2,0.795,1.5,5.0,6.6,2.7,2.2,0.6,2.7,4.1,17.2,99.0,110.0,,2013,2012-13
48.0,Metta World Peace,33.0,LAL,SF,75.0,66.0,2530.0,6.7,16.6,0.403,2.8,8.3,0.342,3.8,8.3,0.464,0.488,2.5,3.4,0.734,2.0,5.4,7.5,2.3,2.5,0.8,2.0,4.0,18.7,105.0,106.0,,2013,2012-13
49.0,Ty Lawson,25.0,DEN,PG,73.0,71.0,2513.0,9.0,19.5,0.461,1.7,4.7,0.366,7.3,14.8,0.491,0.505,4.7,6.2,0.756,0.7,3.3,4.0,10.1,2.1,0.2,3.7,2.7,24.4,113.0,109.0,MVP-12,2013,2012-13
50.0,Ryan Anderson,24.0,NOH,PF,81.0,22.0,2503.0,10.2,24.2,0.423,4.6,12.1,0.382,5.6,12.1,0.464,0.519,3.3,3.9,0.844,4.1,7.1,11.2,2.1,0.9,0.7,2.1,3.9,28.4,114.0,112.0,6MOY-5,2013,2012-13
51.0,Serge Ibaka,23.0,OKC,PF,80.0,80.0,2486.0,9.2,16.1,0.573,0.4,1.2,0.351,8.8,14.9,0.591,0.586,3.0,4.0,0.749,4.6,8.2,12.8,0.9,0.6,5.0,2.6,4.4,21.8,117.0,101.0,"DPOY-3,DEF1",2013,2012-13
52.0,Carmelo Anthony,28.0,NYK,PF,67.0,67.0,2482.0,14.4,32.1,0.449,3.4,8.9,0.379,11.0,23.2,0.476,0.502,9.2,11.0,0.83,2.9,7.0,9.9,3.7,1.1,0.7,3.8,4.4,41.4,112.0,108.0,"MVP-3,AS,NBA2",2013,2012-13
53.0,Luke Ridnour,31.0,MIN,SG,82.0,82.0,2474.0,7.7,16.9,0.453,1.4,4.4,0.311,6.3,12.5,0.503,0.493,2.9,3.4,0.848,0.9,3.4,4.3,6.5,1.7,0.3,2.7,3.9,19.6,107.0,108.0,,2013,2012-13
54.0,Ömer Aşık,26.0,HOU,C,82.0,82.0,2464.0,6.7,12.4,0.541,0.0,0.0,0.0,6.7,12.4,0.542,0.541,3.4,6.1,0.562,5.6,13.8,19.4,1.5,0.9,1.8,3.5,4.5,16.9,105.0,103.0,,2013,2012-13
55.0,Chris Bosh,28.0,MIA,C,74.0,74.0,2454.0,10.5,19.6,0.535,0.5,1.6,0.284,10.0,18.0,0.557,0.546,5.2,6.5,0.798,2.8,8.0,10.8,2.7,1.4,2.2,2.8,3.6,26.6,114.0,103.0,AS,2013,2012-13
56.0,David West,32.0,IND,PF,73.0,73.0,2435.0,11.0,22.1,0.498,0.1,0.4,0.211,10.9,21.6,0.503,0.5,5.3,6.9,0.768,3.2,9.1,12.3,4.7,1.6,1.5,3.4,3.3,27.3,110.0,99.0,,2013,2012-13
57.0,Joakim Noah,27.0,CHI,C,66.0,64.0,2426.0,6.7,14.0,0.481,0.0,0.1,0.0,6.7,13.8,0.485,0.481,3.9,5.2,0.751,5.8,10.5,16.2,5.8,1.7,3.1,3.9,4.1,17.4,107.0,99.0,"MVP-12,DPOY-4,AS,DEF1",2013,2012-13
58.0,Wesley Matthews,26.0,POR,SG,69.0,69.0,2403.0,7.7,17.7,0.436,3.7,9.3,0.398,4.0,8.4,0.478,0.54,3.3,4.1,0.797,0.8,3.4,4.2,3.8,2.0,0.4,2.4,3.8,22.3,111.0,111.0,,2013,2012-13
59.0,Dwyane Wade,31.0,MIA,SG,69.0,69.0,2391.0,12.6,24.2,0.521,0.4,1.5,0.258,12.2,22.7,0.537,0.528,6.8,9.4,0.725,1.9,5.7,7.6,7.8,2.8,1.2,4.3,3.1,32.4,112.0,103.0,"MVP-10,DPOY-16,AS,NBA3",2013,2012-13
60.0,JJ Redick,28.0,2TM,SG,78.0,13.0,2379.0,8.3,19.1,0.434,3.6,9.8,0.366,4.7,9.3,0.506,0.528,3.7,4.1,0.9,0.4,3.3,3.7,6.4,0.8,0.2,3.0,2.5,23.9,111.0,113.0,6MOY-14,2013,2012-13
60.0,JJ Redick,28.0,ORL,SG,50.0,11.0,1575.0,8.7,19.2,0.45,3.9,9.9,0.39,4.8,9.3,0.514,0.551,3.8,4.3,0.891,0.3,3.6,3.9,7.3,1.0,0.2,3.5,2.3,25.0,112.0,113.0,,2013,2012-13
60.0,JJ Redick,28.0,MIL,SG,28.0,2.0,804.0,7.6,18.8,0.403,3.0,9.5,0.318,4.5,9.3,0.49,0.483,3.5,3.8,0.918,0.5,2.8,3.3,4.8,0.6,0.3,2.1,3.0,21.7,109.0,112.0,,2013,2012-13
61.0,Paul Millsap,27.0,UTA,PF,78.0,78.0,2375.0,9.5,19.4,0.49,0.3,0.9,0.333,9.2,18.6,0.498,0.498,5.9,7.9,0.742,3.9,8.4,12.3,4.5,2.3,1.8,3.1,5.2,25.2,112.0,104.0,,2013,2012-13
62.0,Darren Collison,25.0,DAL,PG,81.0,47.0,2372.0,7.3,15.6,0.471,1.0,2.9,0.353,6.3,12.7,0.498,0.504,5.2,5.9,0.88,0.7,4.0,4.7,8.9,2.2,0.2,3.7,3.0,20.9,111.0,109.0,,2013,2012-13
63.0,Brandon Knight,21.0,DET,PG,75.0,75.0,2365.0,8.0,19.6,0.407,2.7,7.3,0.367,5.3,12.3,0.43,0.475,3.7,5.0,0.733,1.2,4.3,5.5,6.8,1.3,0.2,4.6,3.5,22.3,98.0,111.0,,2013,2012-13
64.0,Jarrett Jack,29.0,GSW,SG,79.0,4.0,2349.0,8.4,18.5,0.452,1.8,4.4,0.404,6.6,14.1,0.466,0.499,3.6,4.3,0.843,0.5,4.8,5.3,9.5,1.3,0.2,3.4,2.9,22.1,110.0,108.0,6MOY-3,2013,2012-13
65.0,Chris Paul,27.0,LAC,PG,70.0,70.0,2335.0,9.3,19.3,0.481,1.7,5.2,0.328,7.6,14.1,0.538,0.526,6.5,7.3,0.885,1.2,4.7,5.9,15.3,3.8,0.2,3.6,3.2,26.7,127.0,102.0,"MVP-4,DPOY-11,AS,NBA1,DEF1",2013,2012-13
66.0,Amir Johnson,25.0,TOR,PF,81.0,38.0,2325.0,7.7,13.8,0.554,0.1,0.3,0.385,7.6,13.5,0.558,0.559,3.1,4.3,0.727,5.2,8.8,14.0,2.8,1.8,2.5,2.7,6.9,18.6,116.0,104.0,,2013,2012-13
67.0,J.J. Hickson,24.0,POR,C,80.0,80.0,2323.0,9.5,16.8,0.562,0.0,0.0,0.0,9.5,16.8,0.563,0.562,4.1,6.1,0.679,6.0,12.7,18.7,2.0,1.1,1.2,3.3,3.6,23.0,113.0,106.0,,2013,2012-13
68.0,Raymond Felton,28.0,NYK,PG,68.0,68.0,2313.0,8.7,20.4,0.427,2.1,6.0,0.36,6.6,14.4,0.455,0.48,2.3,3.0,0.789,1.2,3.3,4.5,8.6,2.2,0.3,3.6,3.0,21.9,105.0,108.0,,2013,2012-13
69.0,Danilo Gallinari,24.0,DEN,SF,71.0,71.0,2309.0,8.0,19.0,0.418,3.0,7.9,0.373,5.0,11.1,0.45,0.495,6.3,7.6,0.822,1.4,6.6,8.0,3.8,1.4,0.8,2.4,2.8,25.1,116.0,107.0,,2013,2012-13
70.0,Arron Afflalo,27.0,ORL,SF,64.0,64.0,2307.0,9.0,20.4,0.439,1.6,5.4,0.3,7.3,15.0,0.489,0.478,4.3,5.0,0.857,0.7,4.7,5.4,4.7,0.9,0.2,3.1,3.1,23.9,102.0,112.0,,2013,2012-13
71.0,Kyle Singler,24.0,DET,SF,82.0,74.0,2293.0,6.3,14.8,0.428,1.6,4.6,0.35,4.7,10.2,0.464,0.483,2.3,2.9,0.806,2.5,5.1,7.6,1.8,1.3,0.9,2.3,5.0,16.6,102.0,110.0,,2013,2012-13
72.0,DeMarcus Cousins,22.0,SAC,C,75.0,74.0,2289.0,10.8,23.2,0.465,0.1,0.5,0.182,10.7,22.7,0.471,0.467,7.0,9.5,0.738,5.0,11.7,16.7,4.5,2.4,1.2,5.0,6.0,28.7,102.0,106.0,,2013,2012-13
73.0,Jason Thompson,26.0,SAC,PF,82.0,81.0,2285.0,8.4,16.7,0.502,0.0,0.1,0.0,8.4,16.6,0.504,0.502,3.2,4.6,0.694,3.9,8.5,12.3,1.9,1.1,1.4,2.3,5.1,20.0,108.0,111.0,,2013,2012-13
74.0,Lance Stephenson,22.0,IND,SG,78.0,72.0,2278.0,6.4,14.0,0.46,1.4,4.4,0.33,5.0,9.6,0.52,0.512,1.8,2.7,0.652,1.1,6.0,7.1,5.2,1.9,0.4,2.5,3.8,16.1,106.0,101.0,,2013,2012-13
75.0,John Salmons,33.0,SAC,SF,76.0,72.0,2278.0,5.5,13.8,0.399,2.2,6.0,0.371,3.3,7.8,0.42,0.48,1.9,2.5,0.773,0.7,3.9,4.7,5.1,1.1,0.6,1.9,3.2,15.1,106.0,115.0,,2013,2012-13
76.0,Roy Hibbert,26.0,IND,C,79.0,79.0,2269.0,9.0,20.2,0.448,0.0,0.1,0.25,9.0,20.1,0.449,0.449,3.9,5.3,0.741,6.9,8.4,15.4,2.7,0.9,4.8,3.8,6.5,22.0,101.0,97.0,DPOY-10,2013,2012-13
77.0,Kyle Korver,31.0,ATL,SF,74.0,60.0,2259.0,6.4,13.8,0.461,4.3,9.5,0.457,2.0,4.3,0.471,0.618,1.5,1.8,0.859,0.5,6.2,6.7,3.3,1.6,0.8,1.6,3.9,18.6,119.0,105.0,,2013,2012-13
78.0,Brook Lopez,24.0,BRK,C,74.0,74.0,2253.0,13.7,26.3,0.521,0.0,0.0,0.0,13.7,26.2,0.522,0.521,7.1,9.4,0.758,5.0,7.3,12.3,1.7,0.8,3.7,3.1,3.6,34.5,114.0,105.0,AS,2013,2012-13
79.0,Jeff Green,26.0,BOS,PF,81.0,17.0,2252.0,8.7,18.7,0.467,1.6,4.2,0.385,7.1,14.5,0.49,0.51,5.0,6.2,0.808,1.3,6.1,7.4,3.0,1.3,1.6,3.1,4.1,24.1,104.0,104.0,,2013,2012-13
80.0,Randy Foye,29.0,UTA,SG,82.0,72.0,2249.0,6.9,17.3,0.397,4.2,10.2,0.41,2.7,7.1,0.378,0.518,2.8,3.4,0.819,0.4,2.6,3.0,3.9,1.5,0.6,2.2,4.5,20.7,110.0,111.0,,2013,2012-13
81.0,Kenneth Faried,23.0,DEN,PF,80.0,80.0,2248.0,8.5,15.5,0.552,0.0,0.0,,8.5,15.5,0.552,0.552,3.7,6.0,0.613,5.8,10.6,16.5,1.7,1.8,1.9,2.5,5.3,20.7,116.0,102.0,DPOY-17,2013,2012-13
82.0,Brandon Bass,27.0,BOS,PF,81.0,69.0,2239.0,6.7,13.8,0.486,0.0,0.0,0.0,6.7,13.7,0.487,0.486,3.0,3.5,0.86,3.0,6.9,9.9,2.0,1.0,1.5,1.9,4.4,16.4,107.0,104.0,,2013,2012-13
83.0,Spencer Hawes,24.0,PHI,C,82.0,40.0,2233.0,8.9,19.2,0.464,0.7,2.1,0.356,8.1,17.1,0.477,0.483,2.9,3.7,0.777,4.1,9.8,13.9,4.3,0.6,2.7,3.1,5.5,21.4,103.0,104.0,,2013,2012-13
84.0,Jamal Crawford,32.0,LAC,SG,76.0,0.0,2230.0,10.5,24.0,0.438,3.5,9.4,0.376,7.0,14.6,0.477,0.511,5.1,5.9,0.871,0.5,2.5,3.0,4.6,1.9,0.3,3.4,1.7,29.6,109.0,108.0,6MOY-2,2013,2012-13
85.0,Thabo Sefolosha,28.0,OKC,SG,81.0,81.0,2229.0,5.2,10.8,0.481,2.5,6.0,0.419,2.7,4.8,0.558,0.597,1.3,1.6,0.826,1.3,6.0,7.3,2.9,2.4,1.0,1.5,4.1,14.1,121.0,103.0,,2013,2012-13
86.0,Danny Green,25.0,SAS,SG,80.0,80.0,2201.0,6.9,15.4,0.448,4.1,9.6,0.429,2.8,5.8,0.48,0.581,1.6,1.8,0.848,0.8,4.8,5.6,3.3,2.1,1.3,2.2,2.9,19.4,110.0,102.0,,2013,2012-13
87.0,Martell Webster,26.0,WAS,SF,76.0,62.0,2200.0,6.7,15.1,0.442,3.3,7.8,0.422,3.4,7.3,0.463,0.551,4.0,4.7,0.848,1.3,5.7,7.0,3.4,1.2,0.4,2.1,3.9,20.6,115.0,106.0,,2013,2012-13
88.0,Bismack Biyombo,20.0,CHA,C,80.0,65.0,2186.0,3.7,8.3,0.451,0.0,0.0,,3.7,8.3,0.451,0.451,1.8,3.4,0.521,4.7,9.3,14.0,0.8,0.7,3.4,2.0,4.7,9.3,98.0,109.0,,2013,2012-13
89.0,Luis Scola,32.0,PHO,PF,82.0,67.0,2184.0,10.2,21.5,0.472,0.1,0.4,0.188,10.1,21.1,0.477,0.474,4.3,5.4,0.787,3.7,9.0,12.7,4.3,1.6,0.8,3.0,6.0,24.6,105.0,107.0,,2013,2012-13
90.0,Tony Parker,30.0,SAS,PG,66.0,66.0,2174.0,12.2,23.3,0.522,0.6,1.6,0.353,11.6,21.7,0.534,0.534,6.5,7.7,0.845,0.4,4.2,4.6,11.7,1.3,0.1,4.0,2.2,31.4,116.0,106.0,"MVP-6,AS,NBA2",2013,2012-13
91.0,Rodney Stuckey,26.0,DET,SG,76.0,24.0,2171.0,7.4,18.2,0.406,1.3,4.4,0.302,6.1,13.8,0.44,0.443,5.2,6.6,0.783,1.0,4.1,5.2,6.6,1.2,0.4,3.3,3.1,21.3,103.0,111.0,,2013,2012-13
92.0,Jared Dudley,27.0,PHO,SF,79.0,50.0,2170.0,7.4,15.8,0.468,2.5,6.4,0.391,4.9,9.4,0.52,0.547,3.1,3.8,0.796,1.9,3.9,5.8,4.8,1.8,0.2,2.4,3.0,20.4,114.0,111.0,,2013,2012-13
93.0,Tyson Chandler,30.0,NYK,C,66.0,66.0,2164.0,6.3,9.9,0.638,0.0,0.0,,6.3,9.9,0.638,0.638,4.4,6.4,0.694,6.6,10.7,17.4,1.5,1.0,1.9,2.1,4.6,17.0,133.0,104.0,"DPOY-13,AS,DEF1",2013,2012-13
94.0,José Calderón,31.0,2TM,PG,73.0,58.0,2160.0,7.7,15.6,0.491,3.2,6.9,0.461,4.5,8.7,0.516,0.594,1.8,2.0,0.9,0.5,3.8,4.3,12.7,1.4,0.2,3.1,2.4,20.3,124.0,111.0,,2013,2012-13
94.0,José Calderón,31.0,TOR,PG,45.0,30.0,1273.0,7.8,16.6,0.47,3.3,7.7,0.429,4.5,8.9,0.505,0.569,2.0,2.2,0.904,0.6,3.8,4.4,13.9,1.2,0.3,3.1,2.4,20.9,123.0,111.0,,2013,2012-13
94.0,José Calderón,31.0,DET,PG,28.0,28.0,887.0,7.4,14.1,0.527,3.0,5.8,0.52,4.4,8.3,0.532,0.635,1.5,1.7,0.893,0.4,3.8,4.2,11.0,1.8,0.1,3.0,2.4,19.4,126.0,111.0,,2013,2012-13
95.0,Andre Miller,36.0,DEN,PG,82.0,11.0,2151.0,7.1,14.8,0.479,0.4,1.5,0.266,6.7,13.3,0.504,0.493,3.8,4.6,0.84,1.4,4.2,5.6,11.4,1.7,0.3,4.0,3.7,18.4,112.0,109.0,6MOY-6,2013,2012-13
96.0,Robin Lopez,24.0,NOH,C,82.0,82.0,2136.0,9.7,18.3,0.534,0.0,0.0,,9.7,18.3,0.534,0.534,4.1,5.3,0.778,5.7,6.0,11.7,1.6,0.8,3.2,2.8,4.2,23.6,114.0,110.0,,2013,2012-13
97.0,Kevin Martin,29.0,OKC,SG,77.0,0.0,2136.0,8.4,18.7,0.45,3.8,8.9,0.426,4.6,9.8,0.472,0.551,5.3,5.9,0.89,0.7,3.5,4.3,2.6,1.7,0.2,2.4,3.3,25.9,117.0,107.0,6MOY-4,2013,2012-13
98.0,Jimmy Butler,23.0,CHI,SF,82.0,20.0,2134.0,6.0,12.9,0.467,1.0,2.6,0.381,5.0,10.2,0.489,0.506,4.7,5.9,0.803,3.4,4.8,8.3,2.9,2.0,0.8,1.6,2.4,17.7,121.0,104.0,DPOY-17,2013,2012-13
99.0,Gerald Henderson,25.0,CHA,SG,68.0,58.0,2133.0,9.4,21.0,0.447,0.8,2.5,0.33,8.6,18.6,0.462,0.466,6.3,7.7,0.824,1.4,4.8,6.2,4.4,1.7,0.8,2.7,3.7,26.0,107.0,113.0,,2013,2012-13
100.0,Jason Terry,35.0,BOS,SG,79.0,24.0,2124.0,6.9,16.0,0.434,3.0,8.2,0.372,3.9,7.8,0.498,0.529,2.8,3.2,0.87,0.5,3.4,3.9,4.9,1.6,0.3,2.5,2.7,19.7,107.0,107.0,,2013,2012-13
101.0,Isaiah Thomas,23.0,SAC,PG,79.0,62.0,2122.0,8.8,20.1,0.44,2.8,7.8,0.358,6.1,12.3,0.491,0.509,6.1,6.9,0.882,0.7,3.2,3.9,7.6,1.6,0.1,3.4,4.0,26.6,115.0,115.0,,2013,2012-13
102.0,Tony Allen,31.0,MEM,SG,79.0,79.0,2109.0,7.3,16.4,0.445,0.1,0.6,0.125,7.2,15.8,0.458,0.447,3.4,4.8,0.717,3.1,6.2,9.3,2.5,3.1,1.1,2.4,5.4,18.1,102.0,98.0,"DPOY-5,DEF1",2013,2012-13
103.0,Gordon Hayward,22.0,UTA,SF,72.0,27.0,2104.0,8.4,19.4,0.435,2.6,6.2,0.415,5.9,13.2,0.444,0.501,6.1,7.4,0.827,1.3,4.4,5.6,5.3,1.5,1.0,3.0,3.1,25.5,113.0,110.0,6MOY-14,2013,2012-13
104.0,Vince Carter,36.0,DAL,SF,81.0,3.0,2093.0,9.1,20.8,0.435,4.0,9.7,0.406,5.1,11.1,0.461,0.53,4.4,5.4,0.816,1.4,6.7,8.1,4.7,1.8,1.1,2.6,5.5,26.5,111.0,106.0,6MOY-14,2013,2012-13
105.0,Nate Robinson,28.0,CHI,PG,82.0,23.0,2086.0,10.3,23.7,0.433,3.6,9.0,0.405,6.6,14.8,0.45,0.51,3.5,4.4,0.799,0.7,4.0,4.7,9.2,2.2,0.3,3.7,5.3,27.7,108.0,105.0,6MOY-8,2013,2012-13
106.0,Tim Duncan,36.0,SAS,C,69.0,69.0,2078.0,12.0,23.9,0.502,0.0,0.2,0.286,12.0,23.8,0.504,0.503,6.0,7.4,0.817,3.0,13.8,16.8,4.5,1.2,4.5,3.6,2.9,30.1,107.0,95.0,"MVP-7,DPOY-6,AS,NBA1,DEF2",2013,2012-13
107.0,Gerald Wallace,30.0,BRK,SF,69.0,68.0,2076.0,4.7,11.9,0.397,1.2,4.2,0.282,3.5,7.7,0.461,0.448,3.2,4.9,0.637,1.8,6.5,8.3,4.7,2.5,1.2,2.9,3.1,13.8,101.0,104.0,,2013,2012-13
108.0,Mario Chalmers,26.0,MIA,PG,77.0,77.0,2068.0,5.8,13.5,0.429,3.1,7.7,0.409,2.7,5.8,0.456,0.545,2.3,2.9,0.795,0.5,3.9,4.4,7.0,3.0,0.3,3.0,5.0,17.1,110.0,104.0,,2013,2012-13
109.0,Al-Farouq Aminu,22.0,NOH,SF,76.0,71.0,2066.0,5.9,12.4,0.475,0.1,0.5,0.211,5.8,11.9,0.486,0.479,2.7,3.6,0.737,3.6,11.7,15.4,2.7,2.4,1.3,3.0,4.0,14.6,101.0,105.0,,2013,2012-13
110.0,Harrison Barnes,20.0,GSW,SF,81.0,81.0,2058.0,6.8,15.5,0.439,1.3,3.6,0.359,5.5,11.9,0.464,0.481,3.6,4.7,0.758,1.3,6.9,8.2,2.4,1.3,0.3,2.5,3.5,18.5,102.0,107.0,ROY-6,2013,2012-13
111.0,Matt Barnes,32.0,LAC,SF,80.0,4.0,2058.0,8.0,17.3,0.462,2.8,8.3,0.342,5.1,9.0,0.574,0.544,2.2,3.0,0.744,2.8,6.5,9.4,3.1,2.1,1.6,2.3,6.0,21.0,113.0,103.0,,2013,2012-13
112.0,Emeka Okafor,30.0,WAS,C,79.0,77.0,2052.0,8.3,17.4,0.477,0.0,0.0,,8.3,17.4,0.477,0.477,2.8,4.8,0.571,5.1,12.5,17.6,2.4,1.1,2.0,2.7,3.7,19.4,100.0,99.0,,2013,2012-13
113.0,Kyrie Irving,20.0,CLE,PG,59.0,59.0,2048.0,12.3,27.2,0.452,2.8,7.1,0.391,9.5,20.1,0.474,0.503,6.3,7.4,0.855,0.9,4.6,5.5,8.9,2.3,0.5,4.9,3.7,33.7,108.0,110.0,AS,2013,2012-13
114.0,Jason Kidd,39.0,NYK,SG,76.0,48.0,2043.0,4.0,10.7,0.372,3.0,8.5,0.351,1.0,2.2,0.452,0.511,1.0,1.3,0.833,1.3,7.1,8.5,6.5,3.3,0.7,2.0,3.3,12.0,114.0,103.0,,2013,2012-13
115.0,Ray Allen,37.0,MIA,SG,79.0,0.0,2035.0,7.6,16.9,0.449,3.6,8.6,0.419,4.0,8.3,0.48,0.555,3.6,4.1,0.886,1.0,4.6,5.6,3.5,1.7,0.4,2.7,3.4,22.5,112.0,107.0,,2013,2012-13
116.0,Andrei Kirilenko,31.0,MIN,SF,64.0,64.0,2034.0,7.2,14.2,0.507,0.9,3.1,0.292,6.3,11.2,0.566,0.538,4.8,6.4,0.752,2.6,6.6,9.2,4.5,2.4,1.6,3.0,2.1,20.1,113.0,104.0,,2013,2012-13
117.0,Tyler Zeller,23.0,CLE,C,77.0,55.0,2033.0,6.3,14.3,0.438,0.0,0.1,0.0,6.3,14.2,0.441,0.438,3.1,4.0,0.764,4.1,7.1,11.2,2.5,0.9,1.8,2.4,6.4,15.6,102.0,110.0,,2013,2012-13
118.0,Michael Kidd-Gilchrist,19.0,CHA,SF,78.0,77.0,2025.0,7.3,15.9,0.458,0.1,0.2,0.222,7.2,15.7,0.462,0.46,3.6,4.8,0.749,3.4,8.4,11.8,3.0,1.4,1.8,2.6,4.3,18.2,102.0,110.0,ROY-8,2013,2012-13
119.0,Kevin Garnett,36.0,BOS,C,68.0,68.0,2022.0,10.9,22.0,0.496,0.1,0.4,0.125,10.9,21.6,0.504,0.498,4.1,5.2,0.786,1.9,11.8,13.7,4.1,2.0,1.6,2.8,4.0,26.0,104.0,99.0,"MVP-12,AS",2013,2012-13
120.0,Kyle Lowry,26.0,TOR,PG,68.0,52.0,2020.0,6.6,16.4,0.401,2.7,7.3,0.362,3.9,9.0,0.433,0.482,5.0,6.3,0.795,1.5,7.0,8.4,11.4,2.5,0.6,4.1,5.7,20.8,110.0,106.0,,2013,2012-13
121.0,Tyreke Evans,23.0,SAC,SG,65.0,61.0,2016.0,9.3,19.4,0.478,1.1,3.4,0.338,8.2,16.1,0.508,0.508,5.3,6.9,0.775,1.4,5.9,7.3,5.8,2.3,0.7,3.3,3.4,25.1,110.0,111.0,,2013,2012-13
122.0,Ersan İlyasova,25.0,MIL,PF,73.0,54.0,2012.0,9.3,20.2,0.462,2.4,5.4,0.444,7.0,14.8,0.469,0.521,3.1,4.0,0.796,3.9,9.2,13.1,2.9,1.7,0.9,1.9,4.7,24.2,114.0,104.0,,2013,2012-13
123.0,DeAndre Jordan,24.0,LAC,C,82.0,82.0,2010.0,8.2,12.8,0.643,0.0,0.0,,8.2,12.8,0.643,0.643,2.5,6.5,0.386,5.5,10.1,15.6,0.7,1.3,2.9,2.6,5.0,19.0,113.0,101.0,,2013,2012-13
124.0,Dante Cunningham,25.0,MIN,PF,80.0,9.0,2010.0,8.1,17.3,0.468,0.0,0.2,0.0,8.1,17.1,0.472,0.468,1.7,2.6,0.65,3.7,6.8,10.5,1.7,2.2,1.0,1.4,3.9,17.9,103.0,105.0,,2013,2012-13
125.0,Shawn Marion,34.0,DAL,PF,67.0,67.0,2010.0,9.0,17.5,0.514,0.6,1.9,0.315,8.4,15.7,0.538,0.531,2.0,2.6,0.782,3.7,9.6,13.3,4.1,1.9,1.2,2.6,2.8,20.6,109.0,104.0,,2013,2012-13
126.0,Corey Brewer,26.0,DEN,SF,82.0,2.0,2003.0,9.5,22.3,0.425,2.3,7.7,0.296,7.2,14.5,0.493,0.476,3.8,5.4,0.69,1.4,4.5,5.9,3.1,3.0,0.6,2.6,3.9,25.0,104.0,105.0,6MOY-8,2013,2012-13
127.0,Tiago Splitter,28.0,SAS,PF,81.0,58.0,1997.0,8.0,14.4,0.56,0.0,0.1,0.0,8.0,14.3,0.561,0.56,5.3,7.3,0.73,3.7,9.5,13.1,3.3,1.6,1.6,2.6,4.1,21.4,118.0,100.0,,2013,2012-13
128.0,Jameer Nelson,30.0,ORL,PG,56.0,56.0,1977.0,8.1,20.5,0.392,3.2,9.4,0.341,4.9,11.2,0.435,0.47,2.3,2.7,0.873,0.6,4.9,5.5,10.9,1.9,0.2,4.1,4.2,21.7,101.0,110.0,,2013,2012-13
129.0,Maurice Harkless,19.0,ORL,SF,76.0,59.0,1974.0,6.9,14.9,0.461,0.8,3.1,0.274,6.0,11.8,0.51,0.489,1.9,3.4,0.57,3.2,5.6,8.8,1.3,2.3,1.6,1.8,3.8,16.5,101.0,107.0,,2013,2012-13
130.0,Reggie Evans,32.0,BRK,PF,80.0,56.0,1967.0,3.4,7.2,0.479,0.0,0.0,,3.4,7.2,0.479,0.479,3.1,6.1,0.509,7.1,17.3,24.4,1.2,2.0,0.4,3.1,5.5,10.0,102.0,100.0,,2013,2012-13
131.0,Nikola Peković,27.0,MIN,C,62.0,62.0,1959.0,10.2,19.6,0.52,0.0,0.0,,10.2,19.6,0.52,0.52,6.4,8.6,0.744,6.1,8.3,14.4,1.4,1.1,1.3,2.7,3.8,26.7,115.0,106.0,,2013,2012-13
132.0,Kendrick Perkins,28.0,OKC,C,78.0,78.0,1954.0,3.8,8.2,0.457,0.0,0.0,0.0,3.8,8.2,0.458,0.457,1.2,1.9,0.611,2.9,9.4,12.3,2.9,1.1,2.2,2.9,6.0,8.7,94.0,102.0,,2013,2012-13
133.0,Mike Dunleavy,32.0,MIL,SF,75.0,3.0,1943.0,7.2,16.3,0.442,3.3,7.8,0.428,3.9,8.5,0.455,0.545,2.7,3.3,0.82,0.8,6.8,7.6,3.8,1.0,0.9,2.3,3.5,20.5,111.0,107.0,,2013,2012-13
134.0,Courtney Lee,27.0,BOS,SG,78.0,39.0,1941.0,6.6,14.3,0.464,1.6,4.2,0.372,5.1,10.1,0.503,0.519,1.7,1.9,0.861,0.8,4.3,5.1,3.9,2.4,0.6,2.3,3.7,16.5,102.0,104.0,,2013,2012-13
135.0,Larry Sanders,24.0,MIL,C,71.0,55.0,1937.0,8.0,15.8,0.506,0.0,0.1,0.0,8.0,15.8,0.507,0.506,2.2,3.6,0.618,5.9,11.7,17.6,2.2,1.4,5.3,2.3,6.1,18.2,109.0,99.0,DPOY-7,2013,2012-13
136.0,Derrick Williams,21.0,MIN,PF,78.0,56.0,1916.0,9.1,21.2,0.43,1.8,5.3,0.332,7.4,15.9,0.463,0.471,5.2,7.3,0.706,2.6,9.0,11.6,1.2,1.2,1.0,2.7,3.4,25.2,101.0,105.0,,2013,2012-13
137.0,P.J. Tucker,27.0,PHO,SG,79.0,45.0,1910.0,5.6,11.9,0.473,0.6,1.9,0.314,5.1,10.1,0.503,0.498,1.7,2.3,0.744,3.5,5.9,9.4,2.9,1.7,0.5,1.8,3.9,13.6,109.0,109.0,,2013,2012-13
138.0,Marco Belinelli,26.0,CHI,SG,73.0,27.0,1882.0,6.9,17.4,0.395,2.3,6.3,0.357,4.6,11.1,0.416,0.46,4.0,4.8,0.839,0.4,3.6,4.0,4.2,1.3,0.2,2.3,4.0,20.0,104.0,107.0,,2013,2012-13
139.0,Caron Butler,32.0,LAC,SF,78.0,78.0,1879.0,8.5,20.2,0.424,3.6,9.2,0.388,5.0,10.9,0.454,0.513,2.1,2.5,0.833,1.1,5.1,6.3,2.2,1.4,0.3,2.0,3.9,22.8,107.0,107.0,,2013,2012-13
140.0,Carl Landry,29.0,GSW,PF,81.0,2.0,1876.0,8.8,16.3,0.54,0.0,0.1,0.333,8.8,16.2,0.541,0.541,6.0,7.4,0.817,4.9,8.2,13.1,1.8,0.9,0.8,3.1,5.1,23.7,116.0,106.0,6MOY-8,2013,2012-13
141.0,Marcin Gortat,28.0,PHO,C,61.0,61.0,1876.0,8.1,15.5,0.521,0.0,0.1,0.0,8.1,15.4,0.524,0.521,2.5,3.8,0.652,3.5,10.6,14.1,2.1,1.1,2.7,2.7,3.5,18.6,104.0,105.0,,2013,2012-13
142.0,Anthony Davis,19.0,NOH,PF,64.0,60.0,1846.0,10.3,19.9,0.516,0.0,0.2,0.0,10.3,19.7,0.521,0.516,5.0,6.6,0.751,4.8,10.5,15.3,1.9,2.2,3.3,2.6,4.6,25.5,113.0,104.0,ROY-2,2013,2012-13
143.0,Alexey Shved,24.0,MIN,SG,77.0,16.0,1840.0,6.6,17.8,0.372,2.4,8.1,0.295,4.2,9.8,0.435,0.439,3.0,4.2,0.72,1.2,3.8,4.9,8.0,1.5,0.8,4.1,3.3,18.7,95.0,108.0,,2013,2012-13
144.0,Markieff Morris,23.0,PHO,PF,82.0,32.0,1837.0,7.4,18.3,0.407,1.3,3.7,0.336,6.2,14.5,0.426,0.442,2.6,3.6,0.732,3.7,7.4,11.1,3.0,2.2,1.8,2.9,5.8,18.7,96.0,106.0,,2013,2012-13
145.0,Kosta Koufos,23.0,DEN,C,81.0,81.0,1817.0,8.2,14.1,0.581,0.0,0.0,0.0,8.2,14.1,0.582,0.581,1.6,2.9,0.558,5.9,9.8,15.6,0.9,1.2,2.9,1.5,6.8,18.0,122.0,103.0,,2013,2012-13
146.0,Kawhi Leonard,21.0,SAS,SF,58.0,57.0,1810.0,7.3,14.8,0.494,1.8,4.9,0.374,5.5,9.9,0.554,0.556,2.9,3.5,0.825,1.8,8.0,9.7,2.6,2.7,0.9,1.7,2.8,19.4,114.0,99.0,,2013,2012-13
147.0,Jason Maxiell,29.0,DET,PF,72.0,71.0,1789.0,6.0,13.5,0.446,0.0,0.0,,6.0,13.5,0.446,0.446,2.7,4.3,0.621,4.0,8.1,12.1,1.6,0.9,2.8,2.4,5.1,14.7,98.0,107.0,,2013,2012-13
148.0,Derrick Favors,21.0,UTA,PF,77.0,8.0,1787.0,8.1,16.8,0.482,0.0,0.1,0.0,8.1,16.6,0.487,0.482,5.3,7.7,0.688,5.4,10.7,16.1,2.2,2.0,3.8,3.8,7.3,21.5,104.0,101.0,,2013,2012-13
149.0,Shane Battier,34.0,MIA,SF,72.0,20.0,1786.0,4.5,10.7,0.42,4.0,9.4,0.43,0.5,1.4,0.348,0.608,0.9,1.1,0.842,1.1,3.8,4.9,2.1,1.2,1.6,1.0,4.4,14.0,122.0,107.0,6MOY-12,2013,2012-13
150.0,Dorell Wright,27.0,PHI,SF,79.0,8.0,1783.0,7.0,17.7,0.396,4.0,10.7,0.374,3.0,7.0,0.429,0.508,3.5,4.2,0.851,1.2,7.7,8.9,4.4,1.8,1.0,1.9,2.9,21.6,112.0,105.0,,2013,2012-13
151.0,Patrick Patterson,23.0,2TM,PF,71.0,41.0,1775.0,9.0,17.7,0.512,1.4,3.7,0.386,7.6,13.9,0.546,0.553,1.4,1.8,0.762,3.2,6.4,9.6,2.3,0.9,1.1,1.7,3.9,20.9,114.0,110.0,,2013,2012-13
151.0,Patrick Patterson,23.0,HOU,PF,47.0,38.0,1219.0,9.7,18.6,0.519,1.4,3.9,0.365,8.2,14.7,0.56,0.557,1.5,2.0,0.755,3.0,6.1,9.1,2.1,0.7,1.1,1.7,3.7,22.3,114.0,109.0,,2013,2012-13
151.0,Patrick Patterson,23.0,SAC,PF,24.0,3.0,556.0,7.7,15.5,0.494,1.5,3.3,0.444,6.2,12.2,0.508,0.542,1.0,1.3,0.786,3.7,7.0,10.7,2.8,1.2,1.2,1.8,4.4,17.8,114.0,112.0,,2013,2012-13
152.0,Jerryd Bayless,24.0,MEM,PG,80.0,4.0,1765.0,8.0,19.1,0.419,2.2,6.2,0.353,5.8,12.9,0.45,0.476,3.1,3.8,0.836,0.7,4.7,5.4,8.1,1.8,0.5,3.7,5.2,21.3,104.0,103.0,,2013,2012-13
153.0,Kirk Hinrich,32.0,CHI,PG,60.0,60.0,1764.0,4.8,12.9,0.377,2.2,5.5,0.39,2.7,7.3,0.367,0.461,2.1,3.0,0.714,0.5,4.3,4.8,9.6,1.9,0.8,3.0,5.8,14.0,103.0,105.0,,2013,2012-13
154.0,Dion Waiters,21.0,CLE,SG,61.0,48.0,1756.0,10.0,24.1,0.412,1.9,6.0,0.31,8.1,18.1,0.446,0.451,4.7,6.3,0.746,0.7,3.8,4.4,5.4,1.7,0.5,3.6,3.3,26.5,99.0,111.0,ROY-5,2013,2012-13
155.0,Bradley Beal,19.0,WAS,SG,56.0,46.0,1745.0,8.4,20.5,0.41,2.7,7.0,0.386,5.7,13.5,0.424,0.477,3.7,4.7,0.786,1.3,5.0,6.3,4.1,1.5,0.9,2.7,3.4,23.3,102.0,105.0,ROY-3,2013,2012-13
156.0,Marvin Williams,26.0,UTA,SF,73.0,51.0,1727.0,6.1,14.4,0.423,1.7,5.1,0.325,4.4,9.3,0.477,0.481,2.4,3.0,0.778,1.7,6.4,8.0,2.4,1.1,1.2,1.8,3.0,16.2,105.0,109.0,,2013,2012-13
157.0,Marcus Thornton,25.0,SAC,SG,72.0,8.0,1726.0,9.9,23.0,0.429,4.2,11.3,0.372,5.7,11.7,0.484,0.52,3.3,3.7,0.881,1.5,3.9,5.4,2.7,1.8,0.1,2.0,3.1,27.2,111.0,114.0,,2013,2012-13
158.0,Kevin Séraphin,23.0,WAS,C,79.0,8.0,1721.0,10.0,21.7,0.461,0.0,0.0,,10.0,21.7,0.461,0.461,1.8,2.7,0.693,3.2,7.2,10.5,1.7,0.7,1.8,3.9,6.4,21.8,89.0,104.0,,2013,2012-13
159.0,J.J. Barea,28.0,MIN,PG,74.0,2.0,1713.0,9.5,22.9,0.417,2.9,8.5,0.346,6.6,14.4,0.458,0.481,3.2,4.0,0.784,1.0,5.2,6.2,8.9,1.0,0.0,4.4,4.0,25.2,101.0,109.0,,2013,2012-13
160.0,Boris Diaw,30.0,SAS,PF,75.0,20.0,1709.0,5.3,9.9,0.539,0.9,2.3,0.385,4.4,7.6,0.587,0.584,1.4,1.9,0.723,2.0,5.6,7.6,5.4,1.6,0.8,2.5,4.3,13.0,113.0,103.0,,2013,2012-13
161.0,Jordan Crawford,24.0,2TM,SG,70.0,14.0,1709.0,9.2,22.1,0.415,2.5,7.5,0.337,6.7,14.6,0.455,0.472,3.9,4.9,0.811,1.3,5.0,6.4,6.9,1.2,0.2,4.3,3.2,24.8,98.0,106.0,6MOY-7,2013,2012-13
161.0,Jordan Crawford,24.0,WAS,SG,43.0,12.0,1127.0,9.7,23.5,0.415,2.7,7.9,0.345,7.0,15.6,0.451,0.473,4.0,4.9,0.821,1.4,4.8,6.2,7.3,1.2,0.2,4.5,2.8,26.2,99.0,106.0,,2013,2012-13
161.0,Jordan Crawford,24.0,BOS,SG,27.0,2.0,582.0,8.1,19.5,0.415,2.2,6.7,0.32,5.9,12.8,0.465,0.47,3.8,4.8,0.792,1.2,5.5,6.7,6.1,1.1,0.2,4.0,4.0,22.1,97.0,107.0,,2013,2012-13
162.0,Ricky Rubio,22.0,MIN,PG,57.0,47.0,1691.0,5.7,15.7,0.36,0.8,2.8,0.293,4.8,12.9,0.374,0.386,6.5,8.1,0.799,1.3,5.7,7.0,12.8,4.2,0.2,5.3,4.4,18.6,99.0,102.0,,2013,2012-13
163.0,Carlos Delfino,30.0,HOU,SF,67.0,5.0,1689.0,7.4,18.3,0.405,4.7,12.4,0.375,2.7,5.9,0.467,0.532,1.4,1.7,0.857,0.5,6.0,6.5,4.0,2.0,0.3,2.1,3.4,20.9,109.0,107.0,,2013,2012-13
164.0,E'Twaun Moore,23.0,ORL,SG,75.0,21.0,1682.0,7.3,18.5,0.396,2.1,6.1,0.34,5.3,12.4,0.424,0.452,1.5,1.8,0.797,1.5,3.7,5.2,6.4,1.6,0.7,3.3,3.8,18.2,95.0,111.0,,2013,2012-13
165.0,Lavoy Allen,23.0,PHI,C,79.0,37.0,1669.0,6.5,14.3,0.454,0.0,0.0,0.0,6.5,14.3,0.455,0.454,1.4,1.9,0.717,5.0,7.5,12.5,2.3,0.8,1.7,1.7,5.7,14.4,103.0,106.0,,2013,2012-13
166.0,Jodie Meeks,25.0,LAL,SG,78.0,10.0,1663.0,6.3,16.2,0.387,3.7,10.5,0.357,2.5,5.7,0.441,0.502,2.6,2.9,0.896,1.1,4.1,5.2,2.1,1.8,0.2,1.6,3.1,18.9,109.0,109.0,,2013,2012-13
167.0,Dirk Nowitzki,34.0,DAL,PF,53.0,47.0,1661.0,10.5,22.4,0.471,2.0,4.8,0.414,8.5,17.5,0.487,0.516,5.1,5.9,0.86,1.1,10.0,11.2,4.1,1.2,1.1,2.2,2.9,28.2,111.0,106.0,,2013,2012-13
168.0,Wayne Ellington,25.0,2TM,SG,78.0,21.0,1661.0,7.2,16.9,0.427,3.0,7.6,0.392,4.2,9.2,0.457,0.516,2.2,2.4,0.907,0.8,4.5,5.3,3.3,1.4,0.1,1.8,2.6,19.6,111.0,109.0,,2013,2012-13
168.0,Wayne Ellington,25.0,MEM,SG,40.0,4.0,676.0,6.5,16.0,0.407,3.3,7.8,0.423,3.2,8.2,0.392,0.51,1.2,1.3,0.938,0.4,3.8,4.2,3.4,1.3,0.1,1.9,3.1,17.5,107.0,105.0,,2013,2012-13
168.0,Wayne Ellington,25.0,CLE,SG,38.0,17.0,985.0,7.7,17.4,0.439,2.8,7.6,0.371,4.9,9.9,0.492,0.52,2.8,3.1,0.898,1.1,5.0,6.0,3.3,1.5,0.1,1.7,2.3,20.9,113.0,112.0,,2013,2012-13
169.0,Nenê,30.0,WAS,PF,61.0,49.0,1659.0,8.9,18.6,0.48,0.0,0.0,0.0,8.9,18.6,0.481,0.48,6.2,8.4,0.729,3.2,9.6,12.8,5.6,1.7,1.2,4.4,5.4,24.0,103.0,101.0,,2013,2012-13
170.0,Pau Gasol,32.0,LAL,PF,49.0,42.0,1655.0,8.3,17.8,0.466,0.2,0.9,0.286,8.0,16.9,0.475,0.473,3.8,5.5,0.702,3.4,9.5,12.9,6.1,0.7,1.9,3.2,2.9,20.7,107.0,106.0,,2013,2012-13
171.0,Ramon Sessions,26.0,CHA,SG,61.0,0.0,1652.0,8.8,21.5,0.408,1.0,3.4,0.308,7.7,18.1,0.427,0.433,9.2,11.0,0.839,0.9,4.5,5.4,7.3,1.5,0.2,3.3,2.9,27.8,109.0,114.0,6MOY-12,2013,2012-13
172.0,Steve Novak,29.0,NYK,SF,81.0,1.0,1641.0,5.8,14.0,0.414,4.9,11.4,0.425,0.9,2.6,0.367,0.587,1.0,1.1,0.909,0.6,4.4,5.0,1.1,0.9,0.3,0.4,3.2,17.4,125.0,110.0,,2013,2012-13
173.0,Antawn Jamison,36.0,LAL,PF,76.0,6.0,1636.0,8.3,17.9,0.464,2.6,7.2,0.361,5.7,10.6,0.535,0.537,2.9,4.2,0.691,3.4,7.9,11.2,1.6,0.9,0.7,1.6,3.9,22.1,114.0,108.0,,2013,2012-13
174.0,Ed Davis,23.0,2TM,PF,81.0,28.0,1631.0,8.5,15.8,0.539,0.0,0.0,,8.5,15.8,0.539,0.539,3.4,5.5,0.617,5.0,10.1,15.1,2.1,1.2,2.8,2.1,6.3,20.4,114.0,102.0,,2013,2012-13
174.0,Ed Davis,23.0,TOR,C,45.0,24.0,1087.0,9.1,16.6,0.549,0.0,0.0,,9.1,16.6,0.549,0.549,3.2,5.0,0.647,4.6,10.0,14.7,2.7,1.2,1.9,2.2,5.4,21.4,115.0,105.0,,2013,2012-13
174.0,Ed Davis,23.0,MEM,PF,36.0,4.0,544.0,7.4,14.3,0.517,0.0,0.0,,7.4,14.3,0.517,0.517,3.7,6.5,0.569,5.7,10.3,16.0,0.8,1.3,4.7,1.8,8.0,18.5,113.0,96.0,,2013,2012-13
175.0,Steve Nash,38.0,LAL,PG,50.0,50.0,1627.0,7.4,14.8,0.497,1.8,4.1,0.438,5.6,10.8,0.519,0.557,3.3,3.6,0.922,0.8,3.6,4.4,10.4,0.9,0.2,3.9,2.2,19.9,117.0,111.0,,2013,2012-13
176.0,Lamar Odom,33.0,LAC,PF,82.0,2.0,1616.0,4.8,11.9,0.399,0.6,2.9,0.2,4.2,9.0,0.464,0.423,0.7,1.4,0.476,3.8,11.8,15.6,4.6,2.2,1.9,2.8,7.0,10.8,95.0,99.0,,2013,2012-13
177.0,John Wall,22.0,WAS,PG,49.0,42.0,1602.0,10.5,23.9,0.441,0.4,1.5,0.267,10.1,22.4,0.452,0.449,8.0,9.9,0.804,1.1,5.2,6.4,12.1,2.1,1.2,5.1,3.8,29.5,105.0,103.0,,2013,2012-13
178.0,Norris Cole,24.0,MIA,PG,80.0,4.0,1590.0,6.0,14.2,0.421,1.2,3.3,0.357,4.8,10.9,0.44,0.462,1.7,2.7,0.65,0.6,3.7,4.3,5.5,1.9,0.2,3.5,5.2,14.8,93.0,107.0,,2013,2012-13
179.0,Nick Collison,32.0,OKC,C,81.0,2.0,1583.0,5.7,9.6,0.595,0.0,0.1,0.0,5.7,9.5,0.603,0.595,1.9,2.5,0.769,4.0,6.8,10.8,3.9,1.7,1.0,2.2,6.4,13.4,123.0,104.0,,2013,2012-13
180.0,Ben Gordon,29.0,CHA,SG,75.0,0.0,1560.0,10.4,25.6,0.408,3.8,9.8,0.387,6.6,15.7,0.421,0.482,3.6,4.3,0.843,0.6,3.8,4.4,4.7,1.2,0.5,4.6,4.5,28.3,96.0,115.0,,2013,2012-13
181.0,Andray Blatche,26.0,BRK,C,82.0,8.0,1555.0,12.0,23.5,0.512,0.1,0.8,0.136,11.9,22.7,0.524,0.514,5.1,7.5,0.685,5.6,8.9,14.5,3.0,3.0,1.9,4.3,5.7,29.3,107.0,101.0,,2013,2012-13
182.0,Michael Beasley,24.0,PHO,SF,75.0,20.0,1554.0,10.2,25.3,0.405,1.5,4.8,0.313,8.8,20.6,0.426,0.434,3.1,4.2,0.746,1.7,7.6,9.3,3.7,1.0,1.1,4.8,3.5,25.1,87.0,109.0,,2013,2012-13
183.0,Eric Bledsoe,23.0,LAC,PG,76.0,12.0,1553.0,8.6,19.3,0.445,1.1,2.6,0.397,7.5,16.6,0.453,0.473,3.6,4.5,0.791,2.6,5.0,7.6,7.9,3.7,1.9,4.6,3.8,21.8,102.0,101.0,,2013,2012-13
184.0,Elton Brand,33.0,DAL,C,72.0,18.0,1527.0,7.6,16.0,0.473,0.0,0.0,0.0,7.6,15.9,0.474,0.473,2.2,3.1,0.71,4.3,10.0,14.4,2.3,1.7,3.0,1.9,6.4,17.3,105.0,102.0,,2013,2012-13
185.0,Marcus Morris,23.0,2TM,PF,77.0,23.0,1524.0,7.3,17.4,0.422,2.8,7.7,0.369,4.5,9.7,0.464,0.504,2.2,3.9,0.564,2.6,6.5,9.1,2.0,1.5,0.7,2.5,5.3,19.7,101.0,108.0,,2013,2012-13
185.0,Marcus Morris,23.0,HOU,PF,54.0,17.0,1154.0,7.4,17.3,0.428,3.2,8.4,0.381,4.2,8.9,0.471,0.52,2.1,3.2,0.653,2.7,6.8,9.5,2.0,1.2,0.7,2.3,5.2,20.1,106.0,108.0,,2013,2012-13
185.0,Marcus Morris,23.0,PHO,SF,23.0,6.0,370.0,7.1,17.5,0.405,1.7,5.4,0.308,5.4,12.1,0.448,0.452,2.4,5.8,0.405,2.4,5.7,8.1,2.1,2.5,0.6,3.3,5.6,18.2,87.0,108.0,,2013,2012-13
186.0,C.J. Watson,28.0,BRK,PG,80.0,8.0,1521.0,6.8,16.3,0.418,3.1,7.6,0.411,3.7,8.7,0.424,0.514,2.5,3.2,0.78,1.4,3.8,5.2,5.7,2.3,0.4,2.5,4.4,19.3,113.0,107.0,,2013,2012-13
187.0,Jeff Taylor,23.0,CHA,SF,77.0,29.0,1507.0,6.0,13.9,0.431,1.8,5.4,0.344,4.1,8.5,0.486,0.497,2.6,3.6,0.728,1.8,3.4,5.2,2.2,1.6,0.5,1.7,4.7,16.4,107.0,114.0,,2013,2012-13
188.0,Alan Anderson,30.0,TOR,SF,65.0,2.0,1495.0,8.4,21.9,0.383,3.4,10.1,0.333,5.0,11.8,0.426,0.46,4.5,5.2,0.857,1.2,4.0,5.3,3.7,1.7,0.2,2.8,4.7,24.6,101.0,110.0,,2013,2012-13
189.0,Josh McRoberts,25.0,2TM,PF,67.0,22.0,1487.0,5.5,12.1,0.455,0.8,3.0,0.286,4.6,9.1,0.51,0.49,2.3,3.0,0.765,3.3,8.2,11.4,5.0,1.1,0.9,2.3,4.6,14.1,109.0,110.0,,2013,2012-13
189.0,Josh McRoberts,25.0,ORL,PF,41.0,3.0,685.0,4.6,11.6,0.392,1.3,4.2,0.309,3.3,7.5,0.439,0.448,1.7,2.3,0.733,3.1,7.3,10.4,5.3,0.8,0.9,2.1,4.9,12.1,104.0,110.0,,2013,2012-13
189.0,Josh McRoberts,25.0,CHA,PF,26.0,19.0,802.0,6.3,12.4,0.505,0.5,1.9,0.241,5.8,10.5,0.553,0.524,2.8,3.6,0.782,3.4,8.9,12.3,4.6,1.4,1.0,2.5,4.3,15.8,113.0,111.0,,2013,2012-13
190.0,Gary Neal,28.0,SAS,SG,68.0,17.0,1484.0,8.4,20.5,0.412,3.1,8.6,0.355,5.4,11.9,0.454,0.487,2.2,2.5,0.865,0.4,4.5,4.9,4.4,1.0,0.1,2.4,3.2,22.1,99.0,106.0,,2013,2012-13
191.0,Jonas Valančiūnas,20.0,TOR,C,62.0,57.0,1482.0,7.3,13.1,0.557,0.0,0.0,,7.3,13.1,0.557,0.557,5.2,6.6,0.789,4.3,9.0,13.3,1.6,0.6,2.8,3.4,6.7,19.9,113.0,106.0,ROY-9,2013,2012-13
192.0,Trevor Ariza,27.0,WAS,SF,56.0,15.0,1471.0,6.7,16.0,0.417,2.7,7.4,0.364,4.0,8.6,0.463,0.501,2.8,3.4,0.821,1.6,7.9,9.4,4.0,2.5,0.7,3.0,2.5,18.8,102.0,101.0,DPOY-17,2013,2012-13
193.0,Taj Gibson,27.0,CHI,PF,65.0,5.0,1459.0,7.9,16.2,0.485,0.0,0.1,0.0,7.9,16.1,0.49,0.485,3.3,4.8,0.679,4.6,8.1,12.7,2.2,1.0,3.3,2.8,6.1,19.0,104.0,101.0,,2013,2012-13
194.0,Beno Udrih,30.0,2TM,SG,66.0,9.0,1457.0,7.4,16.8,0.441,1.2,3.6,0.333,6.2,13.2,0.471,0.477,3.0,3.6,0.816,1.2,3.8,5.0,10.7,1.4,0.1,3.8,3.2,19.0,106.0,111.0,,2013,2012-13
194.0,Beno Udrih,30.0,MIL,SG,39.0,0.0,719.0,8.0,16.8,0.475,0.9,3.5,0.265,7.1,13.3,0.529,0.502,1.7,2.3,0.727,1.2,4.3,5.5,9.7,1.1,0.1,3.7,2.7,18.5,105.0,110.0,,2013,2012-13
194.0,Beno Udrih,30.0,ORL,PG,27.0,9.0,738.0,6.8,16.8,0.408,1.5,3.7,0.396,5.4,13.1,0.411,0.452,4.2,4.9,0.857,1.2,3.2,4.4,11.6,1.8,0.1,3.9,3.6,19.4,106.0,112.0,,2013,2012-13
195.0,Shaun Livingston,27.0,2TM,PG,66.0,16.0,1455.0,5.9,12.4,0.48,0.0,0.1,0.0,5.9,12.2,0.485,0.48,3.0,3.5,0.867,1.1,4.5,5.6,7.7,1.7,1.1,2.7,4.5,14.9,109.0,109.0,,2013,2012-13
195.0,Shaun Livingston,27.0,WAS,PG,17.0,4.0,320.0,3.9,10.7,0.364,0.0,0.5,0.0,3.9,10.3,0.381,0.364,2.4,2.4,1.0,0.3,5.7,6.0,6.2,1.8,0.3,2.8,3.6,10.3,89.0,104.0,,2013,2012-13
195.0,Shaun Livingston,27.0,CLE,PG,49.0,12.0,1135.0,6.5,12.8,0.507,0.0,0.0,0.0,6.5,12.8,0.509,0.507,3.2,3.8,0.843,1.3,4.2,5.5,8.1,1.7,1.3,2.7,4.8,16.2,114.0,110.0,,2013,2012-13
196.0,Avery Bradley,22.0,BOS,PG,50.0,50.0,1435.0,7.0,17.4,0.402,1.5,4.6,0.317,5.5,12.8,0.432,0.444,1.3,1.8,0.755,1.1,3.0,4.0,3.8,2.3,0.7,2.6,4.7,16.8,90.0,105.0,"DPOY-12,DEF2",2013,2012-13
197.0,JaVale McGee,25.0,DEN,C,79.0,0.0,1433.0,10.7,18.6,0.575,0.0,0.0,1.0,10.6,18.5,0.574,0.576,3.9,6.6,0.591,5.6,7.9,13.4,0.8,1.1,5.5,3.2,6.5,25.3,112.0,102.0,,2013,2012-13
198.0,Byron Mullens,23.0,CHA,PF,53.0,41.0,1428.0,8.0,20.7,0.385,2.4,7.6,0.317,5.5,13.0,0.425,0.444,2.4,3.6,0.646,2.6,9.8,12.4,3.0,1.2,1.2,2.7,4.0,20.7,94.0,110.0,,2013,2012-13
199.0,Rajon Rondo,26.0,BOS,PG,38.0,38.0,1423.0,8.3,17.1,0.484,0.4,1.8,0.24,7.8,15.3,0.513,0.497,2.2,3.4,0.645,1.6,6.2,7.8,15.4,2.6,0.3,5.4,3.5,19.2,103.0,103.0,AS,2013,2012-13
200.0,Devin Harris,29.0,ATL,SG,58.0,34.0,1421.0,7.1,16.2,0.438,2.8,8.4,0.335,4.3,7.8,0.549,0.525,4.1,5.6,0.727,0.2,4.0,4.2,7.2,2.3,0.5,3.2,3.8,21.0,108.0,106.0,,2013,2012-13
201.0,Austin Rivers,20.0,NOH,SG,61.0,26.0,1418.0,5.5,14.9,0.372,1.1,3.3,0.326,4.5,11.6,0.385,0.408,2.3,4.1,0.546,0.6,3.6,4.2,4.9,1.0,0.3,2.8,4.7,14.4,89.0,114.0,,2013,2012-13
202.0,Mo Williams,30.0,UTA,PG,46.0,46.0,1418.0,8.5,19.8,0.43,2.2,5.7,0.383,6.3,14.1,0.449,0.485,2.8,3.2,0.882,0.9,3.2,4.1,10.6,1.7,0.3,4.7,3.9,22.0,103.0,111.0,,2013,2012-13
203.0,Udonis Haslem,32.0,MIA,PF,75.0,59.0,1414.0,4.8,9.4,0.514,0.0,0.0,,4.8,9.4,0.514,0.514,1.2,1.7,0.711,3.6,11.5,15.1,1.4,1.1,0.6,1.7,6.5,10.9,110.0,103.0,,2013,2012-13
204.0,Nick Young,27.0,PHI,SG,59.0,17.0,1411.0,8.4,20.3,0.413,2.8,7.9,0.357,5.6,12.4,0.449,0.482,3.9,4.8,0.82,0.9,4.0,4.9,3.1,1.3,0.5,1.9,3.1,23.5,105.0,109.0,,2013,2012-13
205.0,Keith Bogans,32.0,BRK,SG,74.0,23.0,1408.0,4.1,10.9,0.38,3.2,9.4,0.343,0.9,1.5,0.615,0.528,0.4,0.7,0.647,0.6,4.0,4.6,2.9,1.1,0.2,1.9,4.1,11.9,105.0,110.0,,2013,2012-13
206.0,Shannon Brown,27.0,PHO,SG,59.0,22.0,1402.0,8.8,20.9,0.42,1.4,5.2,0.277,7.4,15.8,0.467,0.454,3.6,4.6,0.784,1.6,3.8,5.5,4.0,2.2,0.5,2.7,3.4,22.6,99.0,110.0,,2013,2012-13
207.0,Manu Ginóbili,35.0,SAS,SG,60.0,0.0,1393.0,8.4,19.7,0.425,3.0,8.6,0.353,5.3,11.1,0.48,0.502,6.0,7.5,0.796,1.1,6.3,7.4,10.0,2.9,0.5,4.8,4.2,25.8,107.0,100.0,6MOY-8,2013,2012-13
208.0,Tyler Hansbrough,27.0,IND,PF,81.0,8.0,1366.0,6.9,15.9,0.432,0.0,0.1,0.0,6.9,15.7,0.436,0.432,8.4,11.7,0.72,6.3,8.3,14.5,1.4,1.1,0.7,3.0,5.9,22.1,110.0,101.0,,2013,2012-13
209.0,C.J. Miles,25.0,CLE,SF,65.0,13.0,1364.0,9.7,23.4,0.415,4.8,12.5,0.384,4.9,10.9,0.451,0.518,3.5,4.1,0.869,0.9,5.7,6.6,2.4,1.9,0.6,2.6,5.3,27.8,107.0,110.0,,2013,2012-13
210.0,Chris Kaman,30.0,DAL,C,66.0,52.0,1363.0,11.7,23.1,0.507,0.0,0.0,0.0,11.7,23.1,0.508,0.507,2.5,3.2,0.788,3.6,10.3,13.9,1.9,1.1,1.9,3.9,5.3,25.9,98.0,105.0,,2013,2012-13
211.0,Earl Clark,25.0,LAL,PF,59.0,36.0,1363.0,6.3,14.4,0.44,1.3,3.9,0.337,5.0,10.5,0.479,0.486,2.0,2.8,0.697,3.1,9.1,12.1,2.4,1.3,1.6,2.3,3.8,16.0,103.0,105.0,,2013,2012-13
212.0,Jae Crowder,22.0,DAL,SF,78.0,16.0,1353.0,5.3,13.8,0.384,2.4,7.2,0.328,2.9,6.6,0.446,0.47,1.8,2.8,0.644,1.3,5.7,7.1,3.5,2.4,0.6,1.8,4.8,14.8,99.0,106.0,,2013,2012-13
213.0,Luc Mbah a Moute,26.0,MIL,SF,58.0,45.0,1326.0,5.8,14.4,0.401,0.5,1.4,0.351,5.3,13.0,0.406,0.418,2.8,4.8,0.571,3.4,6.4,9.8,2.1,1.6,0.5,2.7,3.1,14.8,92.0,107.0,,2013,2012-13
214.0,Brian Roberts,27.0,NOH,PG,78.0,5.0,1324.0,8.7,20.9,0.417,2.4,6.3,0.386,6.3,14.7,0.43,0.475,2.9,3.2,0.909,0.7,3.3,4.0,9.0,1.5,0.1,2.9,4.4,22.7,109.0,113.0,,2013,2012-13
215.0,Ian Mahinmi,26.0,IND,C,80.0,2.0,1322.0,6.0,13.2,0.453,0.0,0.1,0.0,6.0,13.2,0.456,0.453,4.2,6.9,0.608,4.6,7.9,12.5,1.1,1.6,2.7,3.7,8.1,16.2,95.0,98.0,,2013,2012-13
216.0,Ekpe Udoh,25.0,MIL,C,76.0,9.0,1312.0,4.5,10.4,0.435,0.0,0.0,0.0,4.5,10.4,0.437,0.435,3.4,4.6,0.748,4.4,5.3,9.7,1.7,1.5,3.3,1.7,5.4,12.5,109.0,105.0,,2013,2012-13
217.0,Marreese Speights,25.0,2TM,C,79.0,3.0,1300.0,10.6,23.8,0.445,0.1,0.4,0.3,10.5,23.4,0.448,0.448,5.5,7.1,0.771,6.0,9.8,15.7,1.9,1.0,2.2,3.3,7.1,26.8,103.0,104.0,,2013,2012-13
217.0,Marreese Speights,25.0,MEM,C,40.0,2.0,579.0,9.9,23.2,0.429,0.2,0.5,0.4,9.7,22.7,0.43,0.433,4.5,6.3,0.716,7.1,10.6,17.7,1.7,0.9,2.5,3.3,8.1,24.6,101.0,98.0,,2013,2012-13
217.0,Marreese Speights,25.0,CLE,C,39.0,1.0,721.0,11.1,24.3,0.457,0.1,0.4,0.2,11.0,24.0,0.461,0.458,6.3,7.8,0.806,5.0,9.2,14.2,2.1,1.0,1.9,3.2,6.4,28.6,105.0,108.0,,2013,2012-13
218.0,Tobias Harris,20.0,2TM,SF,55.0,34.0,1299.0,9.3,20.4,0.455,1.4,4.3,0.315,7.9,16.1,0.493,0.488,4.1,5.5,0.752,2.9,8.5,11.4,2.7,1.3,1.8,2.6,4.8,24.0,105.0,107.0,,2013,2012-13
218.0,Tobias Harris,20.0,MIL,SF,28.0,14.0,325.0,8.3,17.9,0.461,1.1,3.3,0.333,7.2,14.7,0.489,0.491,3.6,4.1,0.885,2.7,6.2,8.9,2.0,1.2,1.1,2.8,4.8,21.2,104.0,107.0,,2013,2012-13
218.0,Tobias Harris,20.0,ORL,PF,27.0,20.0,974.0,9.6,21.2,0.453,1.4,4.7,0.31,8.2,16.6,0.494,0.487,4.3,5.9,0.721,3.0,9.3,12.3,3.0,1.3,2.0,2.6,4.8,25.0,105.0,107.0,,2013,2012-13
219.0,Toney Douglas,26.0,2TM,PG,71.0,0.0,1289.0,7.3,18.2,0.403,3.2,8.4,0.38,4.1,9.8,0.424,0.491,3.0,3.3,0.905,1.3,4.1,5.4,5.9,2.8,0.1,3.2,5.7,20.8,106.0,108.0,,2013,2012-13
219.0,Toney Douglas,26.0,HOU,PG,49.0,0.0,913.0,7.6,19.3,0.395,3.3,8.9,0.377,4.3,10.4,0.411,0.482,3.3,3.7,0.882,1.3,3.7,4.9,5.1,2.2,0.1,3.1,5.6,21.8,105.0,108.0,,2013,2012-13
219.0,Toney Douglas,26.0,SAC,PG,22.0,0.0,376.0,6.7,15.5,0.43,2.9,7.4,0.389,3.8,8.2,0.467,0.522,2.2,2.2,1.0,1.5,5.0,6.5,7.9,4.2,0.1,3.4,5.7,18.4,111.0,108.0,,2013,2012-13
220.0,A.J. Price,26.0,WAS,PG,57.0,22.0,1278.0,6.6,16.8,0.39,2.9,8.1,0.35,3.7,8.7,0.427,0.475,2.0,2.5,0.79,0.8,3.8,4.6,8.4,1.3,0.1,2.6,3.0,18.0,105.0,107.0,,2013,2012-13
221.0,Eric Gordon,24.0,NOH,SG,42.0,40.0,1264.0,10.1,25.0,0.402,2.4,7.4,0.324,7.7,17.6,0.436,0.45,8.0,9.5,0.842,0.4,2.9,3.3,5.9,1.9,0.3,5.0,3.2,30.6,101.0,112.0,,2013,2012-13
222.0,Pablo Prigioni,35.0,NYK,PG,78.0,18.0,1263.0,4.2,9.3,0.455,2.2,5.7,0.396,2.0,3.6,0.547,0.575,0.9,1.1,0.88,1.7,4.3,6.1,10.0,2.9,0.1,3.6,5.4,11.6,116.0,106.0,,2013,2012-13
223.0,Andrew Nicholson,23.0,ORL,PF,75.0,28.0,1249.0,10.7,20.3,0.527,0.0,0.0,,10.7,20.3,0.527,0.527,3.1,3.9,0.798,2.9,7.9,10.8,1.8,1.0,1.3,3.3,5.5,24.5,103.0,109.0,,2013,2012-13
224.0,Andre Drummond,19.0,DET,C,60.0,10.0,1243.0,8.8,14.5,0.608,0.0,0.1,0.5,8.8,14.5,0.609,0.61,2.5,6.8,0.371,7.2,12.2,19.4,1.3,2.5,4.0,2.4,6.1,20.2,114.0,99.0,ROY-4,2013,2012-13
225.0,Quincy Pondexter,24.0,MEM,SF,59.0,1.0,1243.0,5.6,13.1,0.428,2.6,6.6,0.395,3.0,6.4,0.463,0.528,2.6,3.3,0.787,1.9,3.9,5.8,2.7,1.5,0.3,1.8,4.1,16.4,114.0,104.0,,2013,2012-13
226.0,Terrence Ross,21.0,TOR,SG,73.0,2.0,1239.0,8.0,19.6,0.407,2.8,8.4,0.332,5.2,11.2,0.464,0.478,1.3,1.8,0.714,1.5,4.7,6.2,2.3,1.8,0.6,2.1,5.2,20.0,98.0,109.0,,2013,2012-13
227.0,D.J. Augustin,25.0,IND,PG,76.0,5.0,1226.0,4.5,12.8,0.35,2.9,8.2,0.353,1.6,4.5,0.346,0.464,3.6,4.3,0.838,0.9,3.1,4.0,7.4,1.5,0.1,3.0,2.8,15.5,109.0,104.0,,2013,2012-13
228.0,Jamaal Tinsley,34.0,UTA,PG,66.0,32.0,1221.0,3.7,10.1,0.368,1.7,5.5,0.307,2.0,4.6,0.439,0.451,0.8,1.1,0.692,0.7,4.2,5.0,12.5,2.8,0.6,4.6,4.6,9.9,96.0,107.0,,2013,2012-13
229.0,Roger Mason,32.0,NOH,SG,69.0,13.0,1219.0,5.9,13.6,0.433,2.9,7.1,0.415,2.9,6.5,0.452,0.541,1.7,1.9,0.907,0.5,5.4,5.9,3.3,1.2,0.5,2.3,4.6,16.4,109.0,112.0,,2013,2012-13
230.0,Will Bynum,30.0,DET,PG,65.0,0.0,1219.0,11.0,23.4,0.469,1.0,3.3,0.316,9.9,20.1,0.494,0.491,4.6,5.7,0.809,1.2,3.0,4.2,10.0,2.0,0.2,5.4,5.5,27.6,103.0,111.0,,2013,2012-13
231.0,Greg Stiemsma,27.0,MIN,C,76.0,19.0,1209.0,5.4,11.9,0.457,0.0,0.0,,5.4,11.9,0.457,0.457,2.3,3.0,0.768,2.6,8.6,11.2,1.3,1.9,3.8,2.5,7.9,13.1,95.0,101.0,,2013,2012-13
232.0,Chuck Hayes,29.0,SAC,C,74.0,1.0,1209.0,3.6,8.1,0.442,0.0,0.0,0.0,3.6,8.0,0.444,0.442,1.3,2.0,0.625,4.8,7.9,12.7,4.7,1.3,0.8,1.9,4.8,8.4,111.0,111.0,,2013,2012-13
233.0,Meyers Leonard,20.0,POR,C,69.0,9.0,1206.0,6.6,12.1,0.545,0.1,0.3,0.429,6.4,11.8,0.548,0.551,3.1,3.9,0.809,3.5,7.6,11.1,1.4,0.5,1.7,2.1,7.3,16.4,115.0,110.0,,2013,2012-13
234.0,Kris Humphries,27.0,BRK,PF,65.0,21.0,1191.0,6.3,14.1,0.448,0.0,0.1,0.0,6.3,14.0,0.451,0.448,4.4,5.6,0.789,5.7,10.9,16.6,1.5,0.7,1.5,2.6,5.8,17.0,109.0,105.0,,2013,2012-13
235.0,Willie Green,31.0,LAC,SG,72.0,60.0,1188.0,7.9,17.1,0.461,3.1,7.4,0.428,4.7,9.8,0.486,0.553,1.0,1.4,0.719,0.8,3.5,4.3,2.4,1.3,0.5,1.4,4.3,19.9,113.0,108.0,,2013,2012-13
236.0,Steve Blake,32.0,LAL,PG,45.0,13.0,1175.0,4.9,11.7,0.422,3.1,7.4,0.421,1.8,4.3,0.424,0.556,1.2,1.5,0.771,0.9,4.8,5.7,7.5,1.5,0.3,2.7,3.6,14.1,114.0,109.0,,2013,2012-13
237.0,Brendan Haywood,33.0,CHA,C,61.0,17.0,1162.0,4.2,9.8,0.431,0.0,0.0,0.0,4.2,9.7,0.433,0.431,1.4,3.0,0.455,5.6,7.5,13.1,1.3,0.7,2.2,2.3,5.6,9.8,95.0,112.0,,2013,2012-13
238.0,DeShawn Stevenson,31.0,ATL,SG,56.0,31.0,1158.0,4.4,11.7,0.374,3.4,9.4,0.364,1.0,2.4,0.415,0.519,0.5,1.0,0.522,0.8,4.7,5.5,2.3,1.3,0.3,1.0,3.1,12.7,104.0,108.0,,2013,2012-13
239.0,Garrett Temple,26.0,WAS,SG,51.0,36.0,1156.0,4.7,11.6,0.407,1.2,3.6,0.325,3.6,8.0,0.444,0.457,1.2,1.7,0.703,1.3,4.2,5.5,5.2,2.3,0.8,2.7,4.2,11.8,94.0,104.0,,2013,2012-13
240.0,Brandan Wright,25.0,DAL,C,64.0,16.0,1149.0,10.7,17.9,0.597,0.0,0.1,0.0,10.7,17.8,0.601,0.597,2.6,4.3,0.615,3.8,7.8,11.5,1.7,1.2,3.4,1.5,3.5,24.0,119.0,105.0,,2013,2012-13
241.0,Alec Burks,21.0,UTA,SG,64.0,0.0,1137.0,7.6,18.0,0.42,1.5,4.3,0.359,6.0,13.7,0.439,0.463,4.3,6.0,0.713,1.7,5.0,6.7,4.3,1.6,0.6,3.4,5.3,20.9,100.0,109.0,,2013,2012-13
242.0,Zaza Pachulia,28.0,ATL,C,52.0,15.0,1134.0,5.2,11.0,0.473,0.0,0.1,0.0,5.2,10.9,0.479,0.473,3.6,4.7,0.757,6.0,9.3,15.4,3.6,1.6,0.5,3.2,5.8,14.0,108.0,104.0,,2013,2012-13
243.0,Festus Ezeli,23.0,GSW,C,78.0,41.0,1120.0,3.4,7.7,0.438,0.0,0.0,,3.4,7.7,0.438,0.438,2.0,3.7,0.531,6.4,7.8,14.2,1.0,1.0,3.4,2.9,7.1,8.7,97.0,103.0,,2013,2012-13
244.0,Lou Williams,26.0,ATL,SG,39.0,9.0,1119.0,8.7,20.5,0.422,3.3,9.1,0.367,5.3,11.4,0.466,0.503,4.9,5.6,0.868,0.4,3.3,3.7,6.4,2.0,0.5,3.4,2.5,25.5,106.0,107.0,,2013,2012-13
245.0,DeMarre Carroll,26.0,UTA,SF,66.0,12.0,1111.0,7.1,15.4,0.46,1.0,3.3,0.286,6.1,12.1,0.508,0.491,3.6,4.7,0.765,4.1,4.8,8.9,2.9,2.8,1.1,1.6,5.7,18.7,115.0,106.0,,2013,2012-13
246.0,Greg Smith,22.0,HOU,C,70.0,10.0,1110.0,7.6,12.3,0.62,0.0,0.0,0.0,7.6,12.3,0.623,0.62,3.6,5.8,0.623,5.0,9.4,14.4,1.1,0.8,1.8,1.8,7.9,18.9,125.0,105.0,,2013,2012-13
247.0,Damien Wilkins,33.0,PHI,SG,61.0,21.0,1095.0,7.0,15.2,0.459,0.8,2.5,0.333,6.2,12.8,0.483,0.486,3.9,5.3,0.743,1.5,3.5,5.1,4.4,1.8,0.9,2.4,4.7,18.7,106.0,108.0,,2013,2012-13
248.0,Charlie Villanueva,28.0,DET,PF,69.0,0.0,1092.0,8.5,22.5,0.377,4.4,12.5,0.347,4.1,9.9,0.415,0.474,1.3,2.4,0.551,2.4,9.3,11.7,2.6,1.5,1.9,1.9,4.6,22.6,101.0,106.0,,2013,2012-13
249.0,Richard Hamilton,34.0,CHI,SG,50.0,45.0,1088.0,10.1,23.5,0.429,0.8,2.6,0.308,9.3,20.9,0.444,0.446,3.3,3.8,0.857,0.8,3.3,4.1,5.9,1.2,0.2,4.1,4.6,24.2,94.0,107.0,,2013,2012-13
250.0,Marquis Daniels,32.0,MIL,SF,59.0,33.0,1085.0,6.2,16.4,0.376,0.9,3.4,0.278,5.2,13.0,0.401,0.405,1.9,2.5,0.741,2.2,4.8,7.0,3.0,2.4,0.5,2.1,3.6,15.1,92.0,106.0,,2013,2012-13
251.0,Gerald Green,27.0,IND,SF,60.0,7.0,1080.0,7.6,20.9,0.366,2.9,9.3,0.314,4.7,11.6,0.407,0.435,2.6,3.2,0.8,1.5,5.4,6.9,2.5,0.9,1.1,2.6,3.2,20.7,95.0,103.0,,2013,2012-13
252.0,Wilson Chandler,25.0,DEN,PF,43.0,8.0,1079.0,9.8,21.3,0.462,2.4,5.9,0.413,7.4,15.4,0.48,0.519,4.1,5.2,0.793,2.1,8.1,10.2,2.7,2.1,0.6,2.8,5.6,26.2,110.0,105.0,,2013,2012-13
253.0,Enes Freedom,20.0,UTA,C,70.0,2.0,1078.0,10.1,18.6,0.544,0.0,0.0,1.0,10.0,18.5,0.542,0.545,4.6,5.7,0.795,6.6,8.3,14.9,1.5,1.4,1.6,4.9,5.7,24.8,106.0,107.0,,2013,2012-13
254.0,Stephen Jackson,34.0,SAS,SF,55.0,6.0,1075.0,5.8,15.6,0.373,2.2,8.1,0.271,3.7,7.6,0.481,0.442,2.3,3.3,0.7,1.0,6.3,7.3,3.8,1.8,0.7,3.7,4.2,16.2,87.0,103.0,,2013,2012-13
255.0,Glen Davis,27.0,ORL,PF,34.0,33.0,1064.0,10.5,23.4,0.448,0.0,0.1,0.0,10.5,23.3,0.45,0.448,4.1,5.7,0.718,2.7,9.3,12.0,3.4,1.6,1.0,3.1,4.3,25.1,97.0,107.0,,2013,2012-13
256.0,Draymond Green,22.0,GSW,SF,79.0,1.0,1061.0,4.0,12.3,0.327,0.7,3.2,0.209,3.4,9.1,0.368,0.354,2.2,2.6,0.818,2.8,9.7,12.5,2.5,2.0,1.2,2.4,7.6,10.9,87.0,102.0,,2013,2012-13
257.0,Thomas Robinson,21.0,2TM,PF,70.0,0.0,1056.0,6.7,15.5,0.43,0.0,0.0,0.0,6.7,15.4,0.431,0.43,2.7,5.3,0.523,5.9,9.3,15.2,2.2,2.0,1.3,4.2,6.0,16.1,90.0,107.0,,2013,2012-13
257.0,Thomas Robinson,21.0,SAC,PF,51.0,0.0,809.0,6.5,15.4,0.424,0.0,0.0,,6.5,15.4,0.424,0.424,2.6,4.5,0.577,5.8,9.2,15.1,2.3,1.6,1.3,4.1,6.0,15.6,91.0,109.0,,2013,2012-13
257.0,Thomas Robinson,21.0,HOU,PF,19.0,0.0,247.0,7.1,15.8,0.449,0.0,0.2,0.0,7.1,15.6,0.455,0.449,3.2,7.7,0.421,6.1,9.5,15.6,2.0,3.2,1.0,4.7,5.9,17.4,89.0,101.0,,2013,2012-13
258.0,Landry Fields,24.0,TOR,SF,51.0,22.0,1037.0,5.2,11.4,0.457,0.1,0.7,0.143,5.1,10.7,0.478,0.462,1.7,2.7,0.642,3.0,7.6,10.7,3.1,1.6,0.4,2.2,3.2,12.3,101.0,108.0,,2013,2012-13
259.0,Ivan Johnson,28.0,ATL,PF,69.0,5.0,1035.0,9.3,17.8,0.52,0.1,0.7,0.077,9.2,17.2,0.536,0.521,4.1,6.6,0.618,3.8,9.5,13.3,2.3,2.8,0.7,3.6,6.6,22.6,102.0,101.0,,2013,2012-13
260.0,Jermaine O'Neal,34.0,PHO,C,55.0,4.0,1029.0,8.9,18.5,0.482,0.0,0.0,,8.9,18.5,0.482,0.482,4.8,5.7,0.835,4.1,10.5,14.6,2.1,0.9,3.9,3.6,6.3,22.7,103.0,104.0,,2013,2012-13
261.0,Francisco García,31.0,2TM,SF,58.0,20.0,1029.0,5.8,14.8,0.393,3.3,8.8,0.374,2.5,6.0,0.421,0.505,0.9,1.0,0.857,0.4,4.1,4.5,3.1,2.3,1.9,1.6,4.3,15.9,105.0,109.0,,2013,2012-13
261.0,Francisco García,31.0,SAC,SG,40.0,15.0,710.0,5.6,14.8,0.376,2.9,7.9,0.367,2.7,6.9,0.385,0.473,0.9,1.0,0.857,0.5,4.4,4.9,3.1,2.3,2.2,1.4,4.8,14.9,101.0,110.0,,2013,2012-13
261.0,Francisco García,31.0,HOU,SF,18.0,5.0,319.0,6.4,14.9,0.432,4.2,11.0,0.386,2.2,3.9,0.56,0.574,0.9,1.1,0.857,0.2,3.4,3.6,3.1,2.2,1.1,1.9,3.4,18.0,112.0,107.0,,2013,2012-13
262.0,Dahntay Jones,32.0,2TM,SF,78.0,19.0,1016.0,4.1,11.2,0.369,0.6,2.5,0.224,3.6,8.7,0.41,0.394,4.4,5.7,0.77,1.2,3.9,5.1,2.4,1.1,0.3,1.9,6.0,13.2,97.0,110.0,,2013,2012-13
262.0,Dahntay Jones,32.0,DAL,SF,50.0,15.0,635.0,4.0,11.3,0.357,0.6,3.0,0.216,3.4,8.3,0.408,0.386,5.3,6.6,0.805,1.0,4.6,5.6,2.3,0.8,0.4,1.8,5.9,14.0,100.0,111.0,,2013,2012-13
262.0,Dahntay Jones,32.0,ATL,SF,28.0,4.0,381.0,4.4,11.2,0.39,0.4,1.6,0.25,3.9,9.5,0.414,0.409,2.9,4.2,0.677,1.5,2.7,4.2,2.7,1.6,0.1,2.2,6.3,12.0,92.0,108.0,,2013,2012-13
263.0,Andrea Bargnani,27.0,TOR,PF,35.0,25.0,1003.0,9.0,22.6,0.399,2.0,6.5,0.309,7.0,16.0,0.436,0.444,3.4,4.1,0.844,1.4,5.4,6.8,2.0,1.1,1.2,2.9,3.4,23.5,94.0,109.0,,2013,2012-13
264.0,Aaron Brooks,28.0,2TM,PG,53.0,20.0,997.0,7.3,16.2,0.453,2.6,6.9,0.373,4.8,9.3,0.511,0.532,2.1,2.7,0.769,0.7,3.4,4.1,5.9,1.5,0.5,3.4,4.8,19.3,105.0,114.0,,2013,2012-13
264.0,Aaron Brooks,28.0,SAC,PG,46.0,20.0,959.0,7.4,16.2,0.459,2.6,6.8,0.378,4.9,9.4,0.517,0.538,2.1,2.8,0.769,0.6,3.5,4.2,5.8,1.5,0.4,3.4,4.8,19.6,106.0,114.0,,2013,2012-13
264.0,Aaron Brooks,28.0,HOU,PG,7.0,0.0,38.0,5.3,17.1,0.308,2.6,9.2,0.286,2.6,7.9,0.333,0.385,0.0,0.0,,1.3,1.3,2.6,7.9,1.3,3.9,5.3,6.6,13.1,80.0,107.0,,2013,2012-13
265.0,Iman Shumpert,22.0,NYK,SG,45.0,45.0,996.0,5.9,14.8,0.396,2.7,6.8,0.402,3.1,7.9,0.392,0.489,1.9,2.5,0.766,1.7,5.6,7.3,4.0,2.3,0.4,2.0,5.3,16.4,108.0,106.0,,2013,2012-13
266.0,Reggie Jackson,22.0,OKC,PG,70.0,0.0,993.0,7.7,16.8,0.458,1.2,5.4,0.231,6.5,11.4,0.566,0.495,2.7,3.2,0.839,1.1,7.5,8.6,6.3,1.5,0.7,2.7,4.3,19.4,108.0,104.0,,2013,2012-13
267.0,Sebastian Telfair,27.0,2TM,PG,59.0,2.0,980.0,5.9,16.3,0.362,2.8,7.9,0.353,3.1,8.4,0.371,0.448,2.8,3.6,0.783,0.7,3.7,4.4,8.1,2.0,0.6,3.4,5.5,17.5,100.0,110.0,,2013,2012-13
267.0,Sebastian Telfair,27.0,PHO,PG,46.0,2.0,795.0,6.1,16.0,0.381,2.8,7.3,0.381,3.3,8.7,0.381,0.468,2.8,3.7,0.772,0.8,3.6,4.4,7.4,1.8,0.6,3.4,5.4,17.8,101.0,110.0,,2013,2012-13
267.0,Sebastian Telfair,27.0,TOR,PG,13.0,0.0,185.0,5.2,17.8,0.29,2.9,10.6,0.27,2.3,7.2,0.32,0.371,2.9,3.4,0.833,0.3,4.3,4.6,11.2,2.6,0.3,3.2,5.7,16.1,96.0,108.0,,2013,2012-13
268.0,Darrell Arthur,24.0,MEM,PF,59.0,3.0,970.0,9.1,20.1,0.451,0.3,1.0,0.278,8.8,19.1,0.46,0.458,1.8,2.6,0.717,3.8,5.7,9.5,1.8,1.3,1.8,2.4,7.1,20.3,99.0,102.0,,2013,2012-13
269.0,Jimmer Fredette,23.0,SAC,SG,69.0,0.0,967.0,9.1,21.7,0.421,3.4,8.3,0.417,5.7,13.4,0.423,0.5,4.5,5.2,0.859,1.0,2.8,3.8,4.9,1.6,0.2,3.6,3.4,26.2,106.0,115.0,,2013,2012-13
270.0,Anthony Tolliver,27.0,ATL,SF,62.0,11.0,963.0,4.4,11.6,0.38,2.4,7.2,0.338,2.0,4.5,0.446,0.484,2.4,2.7,0.863,1.7,6.7,8.3,1.7,0.8,0.6,1.9,3.6,13.6,102.0,107.0,,2013,2012-13
271.0,Eric Maynor,25.0,2TM,PG,64.0,0.0,963.0,5.7,15.2,0.377,1.8,5.2,0.354,3.9,10.0,0.389,0.438,2.4,3.4,0.726,0.5,2.0,2.5,9.8,1.2,0.1,4.3,3.0,15.7,96.0,112.0,,2013,2012-13
271.0,Eric Maynor,25.0,OKC,PG,37.0,0.0,391.0,4.7,15.1,0.313,2.0,6.0,0.326,2.8,9.1,0.304,0.378,2.2,2.8,0.81,0.7,1.7,2.4,9.6,1.3,0.0,4.1,2.5,13.7,92.0,109.0,,2013,2012-13
271.0,Eric Maynor,25.0,POR,SG,27.0,0.0,572.0,6.4,15.2,0.422,1.7,4.6,0.38,4.7,10.7,0.44,0.479,2.6,3.8,0.683,0.4,2.2,2.6,10.0,1.1,0.1,4.4,3.3,17.2,100.0,114.0,,2013,2012-13
272.0,Wesley Johnson,25.0,PHO,SF,50.0,21.0,953.0,8.7,21.3,0.407,2.7,8.4,0.323,6.0,13.0,0.461,0.47,1.5,1.9,0.771,1.1,5.5,6.6,1.8,1.2,1.0,2.6,3.0,21.5,93.0,110.0,,2013,2012-13
273.0,Jason Richardson,32.0,PHI,SG,33.0,33.0,936.0,7.6,18.9,0.402,3.2,9.4,0.341,4.4,9.5,0.462,0.487,1.1,1.9,0.606,1.1,6.1,7.2,2.9,2.3,0.8,1.5,3.2,19.6,100.0,105.0,,2013,2012-13
274.0,Chris Singleton,23.0,WAS,PF,57.0,11.0,924.0,5.2,13.6,0.382,0.4,2.0,0.194,4.8,11.6,0.415,0.396,2.3,3.9,0.571,2.9,7.5,10.4,2.1,2.1,1.4,2.5,7.0,13.0,87.0,101.0,,2013,2012-13
275.0,Nando De Colo,25.0,SAS,SG,72.0,6.0,920.0,5.8,13.3,0.436,1.7,4.5,0.378,4.1,8.8,0.465,0.5,1.9,2.4,0.795,1.3,6.4,7.6,7.6,2.3,0.3,4.5,4.8,15.3,97.0,102.0,,2013,2012-13
276.0,Daniel Gibson,26.0,CLE,PG,46.0,3.0,919.0,4.8,14.0,0.34,3.2,9.2,0.344,1.6,4.8,0.333,0.453,1.5,2.1,0.703,0.3,3.1,3.4,4.6,1.7,0.2,1.8,5.0,14.1,101.0,112.0,,2013,2012-13
277.0,MarShon Brooks,24.0,BRK,SG,73.0,2.0,912.0,9.2,19.9,0.463,0.9,3.3,0.273,8.3,16.6,0.5,0.485,4.1,5.6,0.734,1.9,4.3,6.2,4.5,2.0,0.9,4.1,5.5,23.4,101.0,107.0,,2013,2012-13
278.0,Matt Bonner,32.0,SAS,PF,68.0,4.0,909.0,6.3,12.9,0.487,3.0,6.7,0.442,3.3,6.2,0.536,0.602,0.6,0.8,0.733,1.4,5.8,7.2,2.0,1.0,1.1,0.9,4.8,16.1,119.0,104.0,,2013,2012-13
279.0,John Jenkins,21.0,ATL,SG,61.0,2.0,902.0,7.5,16.9,0.446,3.0,7.9,0.384,4.5,9.0,0.5,0.536,3.4,4.0,0.843,1.0,4.4,5.4,3.2,0.7,0.6,2.3,2.1,21.5,109.0,109.0,ROY-10,2013,2012-13
280.0,Anderson Varejão,30.0,CLE,C,25.0,25.0,901.0,8.0,16.7,0.478,0.0,0.3,0.0,8.0,16.4,0.486,0.478,4.4,5.9,0.755,8.0,12.9,20.8,4.8,2.1,0.8,2.5,3.9,20.4,117.0,104.0,,2013,2012-13
281.0,Mike Miller,32.0,MIA,SF,59.0,17.0,900.0,5.9,13.6,0.433,4.3,10.3,0.417,1.6,3.3,0.482,0.591,0.5,0.6,0.727,1.1,8.2,9.2,5.8,1.2,0.2,2.1,3.7,16.5,117.0,105.0,,2013,2012-13
282.0,Will Barton,22.0,POR,SG,73.0,5.0,894.0,6.9,18.2,0.382,0.5,3.8,0.138,6.4,14.3,0.447,0.396,2.9,3.8,0.769,2.1,6.4,8.5,3.4,2.0,0.5,3.5,3.3,17.3,87.0,109.0,,2013,2012-13
283.0,Jonas Jerebko,25.0,DET,PF,49.0,2.0,892.0,8.4,18.7,0.449,1.5,4.9,0.301,6.9,13.8,0.502,0.489,4.0,5.2,0.773,4.0,6.9,11.0,2.5,2.3,0.5,2.5,5.3,22.3,109.0,107.0,,2013,2012-13
284.0,Jared Sullinger,20.0,BOS,PF,45.0,5.0,892.0,6.5,13.2,0.493,0.1,0.3,0.2,6.5,12.9,0.5,0.496,2.8,3.7,0.746,5.4,10.1,15.5,2.1,1.3,1.3,1.7,9.0,15.8,113.0,102.0,,2013,2012-13
285.0,Trevor Booker,25.0,WAS,PF,48.0,14.0,887.0,6.3,12.9,0.491,0.0,0.3,0.0,6.3,12.6,0.502,0.491,2.3,4.2,0.556,5.8,8.3,14.0,2.3,1.9,0.9,1.8,5.6,15.0,109.0,102.0,,2013,2012-13
286.0,James Johnson,25.0,SAC,SF,54.0,11.0,878.0,6.8,16.5,0.413,0.1,1.2,0.095,6.7,15.3,0.439,0.417,2.3,3.9,0.597,2.9,5.6,8.5,3.4,2.4,2.9,4.0,5.8,16.1,87.0,108.0,,2013,2012-13
287.0,Jason Smith,26.0,NOH,C,51.0,0.0,876.0,10.3,21.1,0.49,0.0,0.2,0.0,10.3,20.9,0.496,0.49,5.3,6.3,0.843,4.0,7.6,11.5,2.1,0.9,2.8,3.4,7.6,26.0,107.0,109.0,,2013,2012-13
288.0,Chris Copeland,28.0,NYK,PF,56.0,13.0,862.0,11.3,23.6,0.479,3.7,8.7,0.421,7.6,14.9,0.513,0.557,3.9,5.1,0.759,2.1,5.3,7.4,1.7,1.0,0.7,3.1,6.5,30.1,110.0,109.0,ROY-6,2013,2012-13
289.0,Mike James,37.0,DAL,PG,45.0,23.0,862.0,6.0,16.0,0.373,2.8,7.4,0.384,3.1,8.6,0.363,0.461,1.4,1.7,0.793,0.5,3.7,4.3,8.2,1.5,0.2,3.3,5.6,16.2,97.0,110.0,,2013,2012-13
290.0,Luke Walton,32.0,CLE,PF,50.0,0.0,857.0,4.3,11.0,0.392,1.2,4.1,0.299,3.1,6.9,0.447,0.448,0.6,1.2,0.5,2.3,6.5,8.8,10.1,2.5,0.8,3.6,5.9,10.4,99.0,108.0,,2013,2012-13
291.0,Ronnie Brewer,27.0,2TM,SF,60.0,34.0,853.0,4.4,12.3,0.354,1.4,4.7,0.303,2.9,7.6,0.385,0.412,1.0,2.4,0.41,2.6,6.1,8.7,3.1,2.7,0.4,1.1,2.1,11.1,99.0,105.0,,2013,2012-13
291.0,Ronnie Brewer,27.0,NYK,SF,46.0,34.0,711.0,4.8,13.2,0.366,1.7,5.3,0.31,3.2,7.8,0.404,0.429,1.2,2.9,0.41,2.2,5.3,7.5,3.0,2.6,0.5,1.1,2.0,12.5,100.0,106.0,,2013,2012-13
291.0,Ronnie Brewer,27.0,OKC,SF,14.0,0.0,142.0,2.2,8.3,0.261,0.4,1.8,0.2,1.8,6.5,0.278,0.283,0.0,0.0,,4.7,9.8,14.5,3.6,3.3,0.0,1.4,2.2,4.7,92.0,99.0,,2013,2012-13
292.0,DeJuan Blair,23.0,SAS,PF,61.0,16.0,851.0,8.5,16.2,0.524,0.0,0.1,0.0,8.5,16.2,0.526,0.524,2.6,4.2,0.629,4.0,9.8,13.8,2.7,2.2,0.6,2.9,6.7,19.6,104.0,99.0,,2013,2012-13
293.0,Chris Wilcox,30.0,BOS,C,61.0,7.0,830.0,6.9,9.6,0.719,0.0,0.1,0.0,6.9,9.6,0.724,0.719,2.5,3.7,0.672,3.5,7.9,11.3,1.4,2.0,1.8,2.1,7.9,16.3,127.0,101.0,,2013,2012-13
294.0,Earl Watson,33.0,UTA,PG,48.0,4.0,829.0,2.4,7.6,0.308,0.3,1.8,0.179,2.0,5.9,0.348,0.329,1.1,1.6,0.68,1.5,4.1,5.5,12.1,2.5,0.5,4.4,6.0,6.1,88.0,108.0,,2013,2012-13
295.0,John Henson,22.0,MIL,PF,63.0,9.0,827.0,9.9,20.6,0.482,0.0,0.2,0.0,9.9,20.4,0.486,0.482,3.4,6.4,0.533,7.1,11.1,18.2,1.9,1.2,2.6,2.9,5.1,23.3,103.0,102.0,,2013,2012-13
296.0,John Lucas III,30.0,TOR,PG,63.0,0.0,827.0,8.3,21.4,0.386,3.7,9.7,0.377,4.6,11.8,0.393,0.472,1.2,1.6,0.72,0.5,3.7,4.2,6.7,1.5,0.1,1.7,3.2,21.4,104.0,111.0,,2013,2012-13
297.0,Chris Duhon,30.0,LAL,PG,46.0,9.0,820.0,2.9,7.6,0.382,2.0,5.6,0.363,0.9,2.0,0.438,0.516,0.4,0.8,0.462,0.7,3.5,4.2,8.2,1.2,0.1,2.5,3.5,8.2,108.0,111.0,,2013,2012-13
298.0,Victor Claver,24.0,POR,SF,49.0,16.0,812.0,4.8,12.2,0.392,1.6,5.6,0.287,3.2,6.6,0.48,0.458,0.9,1.9,0.467,2.0,5.7,7.7,2.8,1.7,0.8,2.8,4.9,12.1,89.0,110.0,,2013,2012-13
299.0,DeQuan Jones,22.0,ORL,SF,63.0,17.0,803.0,6.2,14.1,0.436,0.6,2.3,0.257,5.6,11.9,0.47,0.456,2.2,3.3,0.667,1.1,5.7,6.8,1.0,1.2,1.4,1.9,3.6,15.1,93.0,110.0,,2013,2012-13
300.0,Rashard Lewis,33.0,MIA,PF,55.0,9.0,792.0,6.9,16.6,0.414,3.4,8.8,0.389,3.5,7.9,0.441,0.516,1.9,3.0,0.622,1.3,6.8,8.1,2.0,1.4,0.9,2.2,4.5,19.1,101.0,105.0,,2013,2012-13
301.0,Andrew Bogut,28.0,GSW,C,32.0,32.0,786.0,5.4,11.9,0.451,0.1,0.1,1.0,5.3,11.8,0.448,0.454,1.2,2.5,0.5,4.4,11.4,15.8,4.3,1.3,3.6,2.3,5.5,12.0,103.0,100.0,,2013,2012-13
302.0,Hasheem Thabeet,25.0,OKC,C,66.0,4.0,770.0,4.3,7.1,0.604,0.0,0.0,,4.3,7.1,0.604,0.604,2.1,3.5,0.604,4.6,8.4,13.0,0.7,2.0,4.0,2.7,9.9,10.7,110.0,99.0,,2013,2012-13
303.0,Samuel Dalembert,31.0,MIL,C,47.0,23.0,765.0,9.1,16.8,0.542,0.1,0.1,1.0,9.0,16.7,0.54,0.543,2.5,3.6,0.691,7.0,11.3,18.3,1.4,1.1,3.5,3.4,6.0,20.7,108.0,101.0,,2013,2012-13
304.0,Gustavo Ayón,27.0,2TM,C,55.0,3.0,734.0,6.5,11.8,0.551,0.0,0.0,,6.5,11.8,0.551,0.551,1.4,3.5,0.4,4.2,9.8,14.0,5.0,1.6,1.2,3.3,7.5,14.4,103.0,106.0,,2013,2012-13
304.0,Gustavo Ayón,27.0,ORL,C,43.0,3.0,571.0,6.1,11.4,0.536,0.0,0.0,,6.1,11.4,0.536,0.536,1.7,3.5,0.5,3.6,9.1,12.8,5.4,1.2,1.2,3.5,7.6,14.0,102.0,108.0,,2013,2012-13
304.0,Gustavo Ayón,27.0,MIL,C,12.0,0.0,163.0,7.8,13.1,0.595,0.0,0.0,,7.8,13.1,0.595,0.595,0.3,3.7,0.083,6.2,12.1,18.3,3.7,2.8,1.2,2.8,7.5,15.9,106.0,99.0,,2013,2012-13
305.0,Luke Babbitt,23.0,POR,PF,62.0,0.0,730.0,6.2,16.8,0.368,4.5,12.8,0.348,1.7,4.0,0.429,0.5,0.7,0.9,0.769,1.1,8.8,9.9,2.1,1.0,0.4,1.6,5.9,17.6,102.0,109.0,6MOY-14,2013,2012-13
306.0,Jeff Adrien,26.0,CHA,PF,52.0,5.0,713.0,5.3,12.4,0.429,0.0,0.1,0.0,5.3,12.2,0.434,0.429,4.8,7.4,0.65,5.0,9.4,14.4,2.7,1.3,2.0,2.4,5.9,15.4,105.0,109.0,,2013,2012-13
307.0,Patrick Beverley,24.0,HOU,PG,41.0,0.0,713.0,5.5,13.2,0.418,2.5,6.7,0.375,3.0,6.5,0.462,0.513,2.4,2.9,0.829,3.2,4.5,7.6,8.2,2.6,1.5,3.1,5.8,16.0,116.0,105.0,,2013,2012-13
308.0,Kendall Marshall,21.0,PHO,PG,48.0,3.0,702.0,4.1,11.0,0.371,1.7,5.3,0.315,2.4,5.7,0.423,0.447,0.6,1.0,0.571,0.3,2.8,3.1,10.5,1.6,0.3,4.2,3.5,10.5,91.0,112.0,,2013,2012-13
309.0,Ronny Turiaf,30.0,LAC,C,65.0,0.0,701.0,3.7,7.3,0.505,0.0,0.0,,3.7,7.3,0.505,0.505,1.7,4.7,0.365,3.4,8.0,11.4,2.6,1.4,2.6,2.2,6.0,9.1,99.0,103.0,,2013,2012-13
310.0,Royal Ivey,31.0,PHI,SG,53.0,5.0,698.0,4.7,10.9,0.431,2.8,6.6,0.42,1.9,4.2,0.446,0.559,0.7,1.2,0.563,1.2,3.1,4.3,2.4,1.7,0.2,1.5,5.5,12.8,108.0,109.0,,2013,2012-13
311.0,Darius Miller,22.0,NOH,SF,52.0,2.0,694.0,3.4,8.4,0.407,1.7,4.4,0.393,1.7,4.1,0.423,0.509,0.6,0.6,1.0,0.6,5.5,6.1,3.4,1.3,0.9,1.8,7.0,9.2,103.0,111.0,,2013,2012-13
312.0,Cartier Martin,28.0,WAS,SF,41.0,3.0,694.0,7.2,18.9,0.381,4.4,11.0,0.397,2.9,8.0,0.358,0.496,1.5,2.1,0.714,0.8,6.7,7.5,1.5,1.4,0.5,2.4,4.4,20.3,95.0,104.0,,2013,2012-13
313.0,Nazr Mohammed,35.0,CHI,C,63.0,12.0,693.0,5.1,14.0,0.367,0.0,0.2,0.0,5.1,13.8,0.371,0.367,2.6,3.6,0.723,5.7,9.5,15.1,2.0,1.6,2.5,1.9,7.5,12.9,97.0,100.0,,2013,2012-13
314.0,Sam Young,27.0,IND,SG,56.0,3.0,693.0,4.5,11.4,0.392,1.2,4.0,0.308,3.2,7.4,0.438,0.446,1.8,3.3,0.535,2.0,7.5,9.4,3.2,1.2,0.6,2.5,4.8,11.9,94.0,102.0,,2013,2012-13
315.0,Darius Morris,22.0,LAL,PG,48.0,17.0,683.0,5.4,14.0,0.388,1.8,4.9,0.364,3.6,9.1,0.402,0.452,1.8,2.8,0.649,1.8,2.5,4.2,5.7,1.6,0.1,3.3,4.3,14.4,96.0,110.0,,2013,2012-13
316.0,Amar'e Stoudemire,30.0,NYK,PF,29.0,0.0,682.0,12.1,20.9,0.577,0.0,0.0,,12.1,20.9,0.577,0.577,8.2,10.2,0.808,4.7,6.7,11.4,1.0,0.8,1.6,3.9,7.0,32.4,118.0,108.0,,2013,2012-13
317.0,Austin Daye,24.0,2TM,SF,55.0,0.0,676.0,7.1,16.5,0.433,3.2,7.8,0.418,3.9,8.7,0.445,0.531,2.1,2.7,0.765,1.3,8.5,9.7,3.3,1.1,1.7,2.3,6.5,19.6,109.0,104.0,,2013,2012-13
317.0,Austin Daye,24.0,DET,SF,24.0,0.0,348.0,6.5,14.7,0.443,3.2,6.1,0.525,3.3,8.7,0.386,0.552,2.3,2.7,0.833,1.5,8.0,9.6,3.2,0.8,1.2,2.0,6.5,18.5,115.0,109.0,,2013,2012-13
317.0,Austin Daye,24.0,MEM,SF,31.0,0.0,328.0,7.8,18.4,0.423,3.3,9.6,0.345,4.5,8.8,0.509,0.514,1.8,2.6,0.688,1.0,8.9,9.9,3.5,1.5,2.3,2.6,6.5,20.7,104.0,99.0,,2013,2012-13
318.0,Ryan Hollins,28.0,LAC,C,60.0,0.0,663.0,5.6,9.1,0.614,0.0,0.0,,5.6,9.1,0.614,0.614,5.2,7.0,0.75,4.0,7.1,11.0,0.9,0.5,2.7,3.5,10.6,16.4,115.0,105.0,,2013,2012-13
319.0,Patty Mills,24.0,SAS,PG,58.0,2.0,656.0,8.8,18.7,0.469,4.0,10.1,0.4,4.7,8.6,0.55,0.577,1.2,1.5,0.842,0.7,3.2,3.9,4.8,2.0,0.3,3.0,4.3,22.8,106.0,105.0,,2013,2012-13
320.0,Jeremy Pargo,26.0,2TM,PG,39.0,11.0,655.0,7.9,19.9,0.396,2.0,5.9,0.338,5.9,14.0,0.42,0.446,3.3,4.9,0.677,0.6,3.3,3.9,7.3,1.0,0.2,4.0,3.7,21.1,95.0,113.0,,2013,2012-13
320.0,Jeremy Pargo,26.0,CLE,PG,25.0,11.0,447.0,8.7,21.8,0.401,2.1,6.6,0.316,6.6,15.1,0.438,0.449,3.3,4.8,0.683,0.8,2.9,3.7,7.4,1.4,0.2,4.3,3.7,22.8,95.0,113.0,,2013,2012-13
320.0,Jeremy Pargo,26.0,PHI,SG,14.0,0.0,208.0,6.1,16.0,0.381,1.8,4.3,0.412,4.3,11.7,0.37,0.437,3.6,5.3,0.667,0.3,4.1,4.3,7.1,0.3,0.0,3.3,3.6,17.5,96.0,112.0,,2013,2012-13
321.0,Lance Thomas,24.0,NOH,SF,59.0,9.0,646.0,4.4,8.9,0.5,0.0,0.0,,4.4,8.9,0.5,0.5,3.6,5.0,0.729,3.7,6.0,9.7,1.4,0.9,0.6,1.2,6.5,12.5,121.0,112.0,,2013,2012-13
322.0,Mickaël Gelabale,29.0,MIN,SF,36.0,13.0,644.0,5.8,11.2,0.518,1.3,4.2,0.308,4.5,7.0,0.644,0.576,1.7,1.9,0.875,2.6,5.4,7.9,2.1,1.3,0.3,1.3,3.8,14.5,121.0,108.0,,2013,2012-13
323.0,Kyle O'Quinn,22.0,ORL,C,57.0,5.0,638.0,8.2,16.1,0.513,0.0,0.1,0.0,8.2,16.0,0.515,0.513,2.4,3.7,0.667,5.3,11.8,17.1,4.2,0.9,2.1,3.0,8.7,18.9,107.0,106.0,,2013,2012-13
324.0,Xavier Henry,21.0,NOH,SF,50.0,2.0,625.0,5.7,14.0,0.41,0.3,1.0,0.364,5.4,13.0,0.413,0.422,5.0,8.0,0.63,1.8,6.0,7.8,1.1,1.4,0.4,2.7,6.2,16.8,94.0,111.0,,2013,2012-13
325.0,Chris Andersen,34.0,MIA,C,42.0,0.0,624.0,6.0,10.4,0.577,0.2,0.3,0.667,5.9,10.2,0.575,0.585,5.3,7.9,0.677,4.8,9.8,14.6,1.4,1.4,3.7,2.0,7.6,17.6,125.0,100.0,,2013,2012-13
326.0,Orlando Johnson,23.0,IND,SG,51.0,0.0,619.0,6.2,15.5,0.4,3.1,8.1,0.383,3.1,7.4,0.419,0.5,2.0,2.8,0.719,1.7,7.7,9.5,4.0,0.9,0.8,2.5,4.4,17.5,106.0,102.0,,2013,2012-13
327.0,Kevin Love,24.0,MIN,PF,18.0,18.0,618.0,8.8,24.9,0.352,1.7,7.7,0.217,7.1,17.2,0.413,0.386,8.4,11.9,0.704,5.4,15.7,21.1,3.5,1.1,0.8,3.3,2.8,27.6,99.0,102.0,,2013,2012-13
328.0,Jan Veselý,22.0,WAS,PF,51.0,4.0,601.0,4.9,9.9,0.5,0.0,0.1,0.0,4.9,9.8,0.504,0.5,1.0,3.4,0.308,3.7,6.8,10.6,2.4,1.3,1.5,2.3,9.3,10.9,95.0,103.0,,2013,2012-13
329.0,Doron Lamb,21.0,2TM,SG,47.0,0.0,577.0,5.3,14.5,0.368,1.2,3.3,0.378,4.1,11.2,0.365,0.411,1.8,3.0,0.588,0.7,3.4,4.1,2.9,1.2,0.0,2.3,4.6,13.7,86.0,112.0,,2013,2012-13
329.0,Doron Lamb,21.0,MIL,SG,23.0,0.0,280.0,6.0,17.2,0.347,0.7,2.9,0.25,5.3,14.3,0.367,0.368,1.4,2.7,0.533,0.5,2.5,3.1,3.6,1.3,0.0,2.9,4.9,14.1,78.0,111.0,,2013,2012-13
329.0,Doron Lamb,21.0,ORL,SG,24.0,0.0,297.0,4.7,11.9,0.397,1.8,3.7,0.476,3.0,8.2,0.362,0.471,2.1,3.3,0.632,0.9,4.2,5.1,2.1,1.1,0.0,1.8,4.4,13.3,98.0,113.0,,2013,2012-13
330.0,Derek Fisher,38.0,2TM,PG,33.0,9.0,575.0,4.9,14.4,0.342,2.7,7.1,0.375,2.2,7.2,0.309,0.435,3.1,3.4,0.921,0.2,3.1,3.3,4.2,1.7,0.3,2.7,4.9,15.6,97.0,108.0,,2013,2012-13
330.0,Derek Fisher,38.0,DAL,PG,9.0,9.0,229.0,5.1,14.5,0.354,2.2,5.1,0.435,2.9,9.4,0.31,0.431,4.7,5.1,0.913,0.0,3.3,3.3,6.9,1.1,0.4,4.0,5.3,17.2,97.0,111.0,,2013,2012-13
330.0,Derek Fisher,38.0,OKC,SG,24.0,0.0,346.0,4.8,14.3,0.333,3.0,8.5,0.351,1.8,5.8,0.308,0.438,2.1,2.2,0.933,0.3,3.0,3.3,2.4,2.1,0.1,1.8,4.6,14.6,97.0,106.0,,2013,2012-13
331.0,Richard Jefferson,32.0,GSW,SF,56.0,1.0,568.0,5.5,12.2,0.456,1.3,4.0,0.311,4.3,8.1,0.527,0.507,3.4,4.7,0.717,0.4,7.1,7.5,2.8,1.3,0.6,2.1,4.0,15.7,106.0,106.0,,2013,2012-13
332.0,Joel Anthony,30.0,MIA,C,62.0,3.0,566.0,3.3,6.4,0.515,0.0,0.0,,3.3,6.4,0.515,0.515,1.6,2.6,0.607,4.2,6.5,10.8,1.2,1.2,3.9,2.1,4.6,8.1,108.0,103.0,,2013,2012-13
333.0,Rodrigue Beaubois,24.0,DAL,PG,45.0,0.0,549.0,6.0,16.4,0.369,2.0,6.7,0.292,4.1,9.7,0.423,0.429,2.8,3.5,0.789,0.8,4.5,5.3,7.8,1.8,0.4,3.1,5.0,16.8,97.0,109.0,,2013,2012-13
334.0,Jerry Stackhouse,38.0,BRK,SF,37.0,0.0,544.0,6.6,17.1,0.384,3.0,8.8,0.337,3.6,8.3,0.434,0.471,2.0,2.3,0.87,0.5,2.8,3.3,3.5,0.7,0.4,2.4,3.1,18.1,102.0,112.0,,2013,2012-13
335.0,Arnett Moultrie,22.0,PHI,PF,47.0,0.0,542.0,7.6,13.0,0.582,0.0,0.0,,7.6,13.0,0.582,0.582,1.8,2.7,0.643,7.4,6.7,14.1,1.0,1.7,1.0,1.8,4.2,16.9,120.0,106.0,,2013,2012-13
336.0,Donatas Motiejūnas,22.0,HOU,PF,44.0,14.0,538.0,9.0,19.8,0.455,2.2,7.7,0.289,6.8,12.1,0.562,0.512,3.0,4.7,0.627,3.3,5.3,8.6,2.9,0.6,0.9,3.4,6.8,23.2,102.0,109.0,,2013,2012-13
337.0,Sasha Pavlović,29.0,POR,SG,39.0,1.0,528.0,4.2,11.8,0.353,1.8,6.0,0.3,2.4,5.9,0.407,0.429,0.1,0.6,0.167,0.7,4.9,5.6,3.2,2.4,0.5,1.4,5.9,10.2,90.0,109.0,,2013,2012-13
338.0,Ish Smith,24.0,2TM,PG,52.0,3.0,516.0,5.6,15.9,0.352,0.8,2.7,0.296,4.8,13.2,0.364,0.377,0.3,0.7,0.429,1.2,4.9,6.1,8.7,2.1,0.9,3.7,2.6,12.3,84.0,108.0,,2013,2012-13
338.0,Ish Smith,24.0,ORL,PG,36.0,3.0,378.0,5.4,16.0,0.336,0.6,2.3,0.235,4.8,13.6,0.354,0.353,0.4,1.0,0.429,1.5,4.8,6.3,7.9,1.8,0.8,3.7,1.9,11.7,79.0,110.0,,2013,2012-13
338.0,Ish Smith,24.0,MIL,PG,16.0,0.0,138.0,6.2,15.8,0.395,1.5,3.7,0.4,4.8,12.1,0.394,0.442,0.0,0.0,,0.4,5.1,5.5,11.0,2.9,1.1,3.7,4.4,14.0,95.0,104.0,,2013,2012-13
339.0,Aaron Gray,28.0,TOR,C,42.0,16.0,513.0,5.0,9.3,0.533,0.0,0.0,,5.0,9.3,0.533,0.533,2.4,4.6,0.523,5.0,8.8,13.8,3.4,0.7,0.5,3.7,8.8,12.3,101.0,108.0,,2013,2012-13
340.0,Leandro Barbosa,30.0,BOS,PG,41.0,2.0,513.0,8.5,19.7,0.43,1.8,4.8,0.383,6.6,14.9,0.445,0.477,3.2,4.2,0.756,0.8,3.9,4.7,5.9,1.7,0.6,2.1,5.2,21.9,103.0,106.0,,2013,2012-13
341.0,Ronnie Price,29.0,POR,PG,39.0,0.0,510.0,4.0,12.4,0.325,1.0,4.0,0.256,3.0,8.3,0.358,0.367,1.8,2.5,0.708,1.3,3.2,4.5,7.5,2.7,0.3,3.5,6.3,10.8,88.0,109.0,,2013,2012-13
342.0,Chase Budinger,24.0,MIN,SF,23.0,1.0,508.0,8.0,19.4,0.414,2.6,8.2,0.321,5.4,11.2,0.482,0.482,3.3,4.3,0.762,1.5,5.7,7.2,2.5,1.4,0.7,2.3,3.0,22.0,102.0,107.0,,2013,2012-13
343.0,Jannero Pargo,33.0,3TM,PG,32.0,0.0,507.0,8.0,21.8,0.368,4.0,12.0,0.336,4.0,9.9,0.406,0.46,1.2,1.3,0.923,1.0,2.6,3.6,6.9,1.9,0.3,4.2,4.3,21.3,92.0,111.0,,2013,2012-13
343.0,Jannero Pargo,33.0,WAS,PG,7.0,0.0,102.0,4.1,16.3,0.25,1.5,10.2,0.15,2.6,6.1,0.417,0.297,1.0,1.0,1.0,0.0,3.1,3.1,7.1,0.0,0.5,4.1,4.1,10.7,69.0,110.0,,2013,2012-13
343.0,Jannero Pargo,33.0,ATL,PG,7.0,0.0,113.0,6.0,17.4,0.342,3.2,9.2,0.35,2.8,8.3,0.333,0.434,0.9,0.9,1.0,0.5,2.8,3.2,8.7,1.4,0.0,2.3,3.7,16.0,99.0,109.0,,2013,2012-13
343.0,Jannero Pargo,33.0,CHA,PG,18.0,0.0,292.0,10.2,25.5,0.401,5.2,13.7,0.382,5.0,11.9,0.424,0.504,1.4,1.6,0.889,1.6,2.3,4.0,6.1,2.7,0.4,5.0,4.7,27.1,96.0,113.0,,2013,2012-13
344.0,Omri Casspi,24.0,CLE,SF,43.0,1.0,503.0,6.5,16.5,0.394,2.6,7.9,0.329,3.9,8.7,0.452,0.472,2.3,4.2,0.537,2.1,9.7,11.8,2.9,2.6,1.2,2.3,4.7,17.9,99.0,105.0,,2013,2012-13
345.0,Mirza Teletović,27.0,BRK,PF,53.0,0.0,499.0,7.7,20.0,0.384,4.0,11.7,0.343,3.7,8.3,0.442,0.484,1.0,1.2,0.818,3.6,6.7,10.3,2.5,1.4,0.9,2.2,5.7,20.4,105.0,107.0,,2013,2012-13
346.0,Andris Biedriņš,26.0,GSW,C,53.0,9.0,495.0,1.0,2.2,0.476,0.0,0.0,,1.0,2.2,0.476,0.476,0.4,1.3,0.308,3.5,12.2,15.7,1.4,1.5,4.3,1.4,10.4,2.5,102.0,98.0,,2013,2012-13
347.0,Hakim Warrick,30.0,2TM,PF,28.0,14.0,489.0,7.2,17.7,0.406,0.0,0.3,0.0,7.2,17.4,0.414,0.406,6.4,9.4,0.682,2.3,7.3,9.6,2.7,1.4,0.6,3.1,4.0,20.8,95.0,112.0,,2013,2012-13
347.0,Hakim Warrick,30.0,NOH,PF,1.0,0.0,7.0,7.7,15.5,0.5,0.0,0.0,,7.7,15.5,0.5,0.5,15.5,15.5,1.0,0.0,0.0,0.0,0.0,7.7,0.0,0.0,0.0,31.0,154.0,102.0,,2013,2012-13
347.0,Hakim Warrick,30.0,CHA,PF,27.0,14.0,482.0,7.2,17.7,0.405,0.0,0.3,0.0,7.2,17.4,0.413,0.405,6.3,9.4,0.674,2.3,7.4,9.7,2.7,1.3,0.7,3.2,4.0,20.7,94.0,112.0,,2013,2012-13
348.0,Joel Freeland,25.0,POR,PF,51.0,1.0,477.0,6.4,15.6,0.408,0.0,0.0,,6.4,15.6,0.408,0.408,2.0,3.0,0.667,4.4,8.7,13.1,1.4,1.4,1.2,2.1,7.4,14.8,94.0,108.0,,2013,2012-13
349.0,Khris Middleton,21.0,DET,SG,27.0,0.0,475.0,6.9,15.7,0.44,1.6,5.0,0.311,5.3,10.7,0.5,0.489,3.0,3.6,0.844,0.4,5.1,5.6,3.1,1.7,0.4,1.2,5.9,18.4,111.0,110.0,,2013,2012-13
350.0,Jordan Hill,25.0,LAL,PF,29.0,1.0,458.0,8.5,17.2,0.497,0.0,0.2,0.0,8.5,17.0,0.503,0.497,4.4,6.8,0.656,9.1,9.3,18.4,1.4,0.9,2.1,2.9,6.1,21.5,113.0,105.0,,2013,2012-13
351.0,Bernard James,27.0,DAL,C,46.0,11.0,457.0,5.9,11.5,0.515,0.0,0.2,0.0,5.9,11.3,0.525,0.515,2.8,4.6,0.61,5.8,8.8,14.6,0.7,1.3,4.2,2.0,7.1,14.6,111.0,103.0,,2013,2012-13
352.0,Travis Outlaw,28.0,SAC,SF,38.0,2.0,444.0,8.5,20.4,0.418,1.6,5.8,0.28,6.9,14.7,0.472,0.458,4.4,6.0,0.731,2.0,5.1,7.0,2.4,1.3,0.9,2.2,4.0,23.1,103.0,113.0,,2013,2012-13
353.0,Charles Jenkins,23.0,2TM,SG,59.0,1.0,441.0,5.7,14.1,0.405,0.1,0.2,0.5,5.6,13.9,0.403,0.409,1.4,2.6,0.545,0.9,2.8,3.7,5.1,1.8,0.2,2.5,2.6,13.0,89.0,109.0,,2013,2012-13
353.0,Charles Jenkins,23.0,GSW,SG,47.0,0.0,291.0,6.1,14.5,0.422,0.2,0.3,0.5,5.9,14.1,0.42,0.428,1.7,3.1,0.556,0.9,2.8,3.7,4.9,1.6,0.2,3.3,3.1,14.1,88.0,109.0,,2013,2012-13
353.0,Charles Jenkins,23.0,PHI,PG,12.0,1.0,150.0,4.9,13.4,0.368,0.0,0.0,,4.9,13.4,0.368,0.368,0.7,1.4,0.5,1.1,2.8,3.9,5.6,2.1,0.4,0.7,1.4,10.5,94.0,108.0,,2013,2012-13
354.0,Daequan Cook,25.0,2TM,SG,49.0,1.0,441.0,6.0,19.8,0.305,3.1,10.8,0.286,3.0,9.0,0.329,0.383,1.1,1.4,0.75,0.8,6.4,7.2,2.3,0.9,0.8,1.8,3.1,16.2,85.0,107.0,,2013,2012-13
354.0,Daequan Cook,25.0,HOU,SG,16.0,1.0,165.0,6.4,17.9,0.356,3.3,9.1,0.367,3.0,8.8,0.345,0.449,0.6,0.9,0.667,1.5,3.9,5.4,3.0,1.8,0.6,1.8,3.9,16.6,96.0,108.0,,2013,2012-13
354.0,Daequan Cook,25.0,CHI,SG,33.0,0.0,276.0,5.8,21.0,0.278,2.9,11.9,0.246,2.9,9.1,0.319,0.347,1.4,1.8,0.778,0.4,8.0,8.4,1.8,0.4,1.0,1.8,2.5,16.0,78.0,105.0,,2013,2012-13
355.0,Grant Hill,40.0,LAC,SF,29.0,0.0,437.0,4.6,11.8,0.388,0.4,1.3,0.273,4.2,10.5,0.402,0.403,1.7,2.9,0.583,0.7,5.2,5.9,3.1,1.3,0.8,3.0,4.7,11.2,83.0,107.0,,2013,2012-13
356.0,James White,30.0,NYK,SF,57.0,16.0,435.0,6.1,14.3,0.431,1.7,5.0,0.341,4.4,9.2,0.48,0.491,1.4,2.3,0.579,0.6,5.3,5.9,3.6,1.6,0.5,2.1,5.4,15.4,100.0,108.0,,2013,2012-13
357.0,Kenyon Martin,35.0,NYK,C,18.0,11.0,431.0,6.9,11.5,0.602,0.0,0.0,,6.9,11.5,0.602,0.602,2.1,5.0,0.425,4.2,7.6,11.8,1.0,2.0,2.1,2.0,7.9,16.0,114.0,104.0,,2013,2012-13
358.0,Evan Fournier,20.0,DEN,SG,38.0,4.0,428.0,8.8,17.9,0.493,2.6,6.4,0.407,6.3,11.6,0.541,0.566,3.5,4.6,0.769,0.7,3.4,4.1,5.2,2.2,0.1,3.8,7.7,23.8,111.0,108.0,,2013,2012-13
359.0,Chauncey Billups,36.0,LAC,SG,22.0,22.0,418.0,6.7,16.6,0.402,4.2,11.3,0.367,2.5,5.3,0.476,0.527,5.7,6.0,0.938,0.3,3.8,4.0,6.2,1.5,0.1,3.3,3.1,23.2,117.0,108.0,,2013,2012-13
360.0,Shelvin Mack,22.0,3TM,PG,31.0,3.0,416.0,7.2,15.7,0.46,2.2,6.1,0.367,5.0,9.6,0.519,0.532,1.1,2.0,0.563,0.4,4.6,5.0,8.5,1.9,0.0,4.2,4.9,17.8,99.0,106.0,,2013,2012-13
360.0,Shelvin Mack,22.0,WAS,PG,7.0,2.0,141.0,5.9,14.8,0.4,1.5,4.8,0.308,4.4,10.0,0.444,0.45,0.4,0.7,0.5,1.1,4.8,5.9,8.5,2.2,0.0,3.0,3.7,13.7,96.0,104.0,,2013,2012-13
360.0,Shelvin Mack,22.0,PHI,SG,4.0,0.0,7.0,7.5,15.1,0.5,0.0,7.5,0.0,7.5,7.5,1.0,0.5,0.0,0.0,,0.0,0.0,0.0,7.5,0.0,0.0,15.1,7.5,15.1,56.0,115.0,,2013,2012-13
360.0,Shelvin Mack,22.0,ATL,PG,20.0,1.0,268.0,7.9,16.2,0.488,2.7,6.8,0.4,5.2,9.5,0.551,0.571,1.5,2.7,0.571,0.0,4.6,4.6,8.5,1.7,0.0,4.6,5.4,20.1,102.0,107.0,,2013,2012-13
361.0,Kim English,24.0,DET,SG,41.0,0.0,407.0,5.5,14.5,0.375,1.8,6.5,0.28,3.6,8.1,0.452,0.438,2.7,3.8,0.724,1.0,3.8,4.8,3.4,2.1,0.4,2.5,6.0,15.5,96.0,110.0,,2013,2012-13
362.0,James Anderson,23.0,2TM,SG,39.0,2.0,401.0,6.5,15.8,0.413,2.6,7.5,0.35,3.9,8.3,0.47,0.496,3.0,3.5,0.857,2.3,6.8,9.0,5.3,1.9,0.6,3.1,3.1,18.6,107.0,105.0,,2013,2012-13
362.0,James Anderson,23.0,SAS,SF,10.0,0.0,94.0,6.0,13.6,0.44,2.7,6.0,0.455,3.3,7.6,0.429,0.54,3.8,4.9,0.778,1.6,6.0,7.6,4.9,1.6,1.1,3.8,3.8,18.4,105.0,103.0,,2013,2012-13
362.0,James Anderson,23.0,HOU,SG,29.0,2.0,307.0,6.7,16.4,0.406,2.6,8.0,0.327,4.1,8.5,0.481,0.485,2.8,3.1,0.895,2.4,7.0,9.4,5.4,2.0,0.5,2.9,2.9,18.7,108.0,106.0,,2013,2012-13
363.0,Jordan Hamilton,22.0,DEN,SF,40.0,1.0,397.0,10.7,25.6,0.418,3.4,9.3,0.37,7.2,16.3,0.445,0.485,1.7,3.3,0.5,4.1,8.0,12.1,2.9,1.9,1.0,2.4,3.1,26.5,104.0,105.0,,2013,2012-13
364.0,Marquis Teague,19.0,CHI,PG,48.0,0.0,392.0,5.9,15.5,0.381,0.5,3.2,0.174,5.3,12.3,0.433,0.398,1.2,2.2,0.563,0.4,5.6,6.0,8.6,1.2,1.0,4.8,6.4,13.6,82.0,105.0,,2013,2012-13
365.0,Kurt Thomas,40.0,NYK,PF,39.0,17.0,392.0,6.1,11.3,0.542,0.1,0.1,1.0,6.0,11.2,0.537,0.548,0.8,1.8,0.462,3.3,8.9,12.1,2.9,1.4,2.2,1.1,7.1,13.2,119.0,104.0,,2013,2012-13
366.0,Cory Joseph,21.0,SAS,PG,28.0,9.0,388.0,6.7,14.4,0.464,0.8,2.8,0.286,5.9,11.7,0.506,0.491,2.4,2.8,0.857,1.6,5.3,6.8,7.0,2.0,0.5,2.8,3.3,16.5,107.0,103.0,,2013,2012-13
367.0,Cole Aldrich,24.0,2TM,C,45.0,0.0,388.0,5.7,10.4,0.55,0.0,0.0,,5.7,10.4,0.55,0.55,1.6,2.6,0.6,3.9,11.7,15.6,1.2,0.7,3.0,3.0,7.8,13.0,102.0,105.0,,2013,2012-13
367.0,Cole Aldrich,24.0,HOU,C,30.0,0.0,213.0,5.4,10.1,0.535,0.0,0.0,,5.4,10.1,0.535,0.535,0.9,2.1,0.444,2.8,10.6,13.4,1.4,0.7,2.1,3.3,9.6,11.7,92.0,105.0,,2013,2012-13
367.0,Cole Aldrich,24.0,SAC,C,15.0,0.0,175.0,6.2,10.8,0.568,0.0,0.0,,6.2,10.8,0.568,0.568,2.3,3.2,0.727,5.3,13.2,18.5,0.9,0.6,4.1,2.6,5.6,14.6,112.0,106.0,,2013,2012-13
368.0,Dominic McGuire,27.0,3TM,SF,26.0,10.0,387.0,3.3,7.7,0.429,0.0,0.0,,3.3,7.7,0.429,0.429,0.4,1.4,0.3,2.6,8.2,10.8,2.8,1.8,1.5,1.7,5.4,7.1,93.0,106.0,,2013,2012-13
368.0,Dominic McGuire,27.0,TOR,SF,15.0,9.0,230.0,3.5,7.4,0.469,0.0,0.0,,3.5,7.4,0.469,0.469,0.5,1.4,0.333,2.5,8.5,11.1,2.3,1.2,1.8,1.6,6.0,7.4,97.0,106.0,,2013,2012-13
368.0,Dominic McGuire,27.0,NOH,SF,9.0,0.0,145.0,3.4,7.9,0.429,0.0,0.0,,3.4,7.9,0.429,0.429,0.4,0.7,0.5,2.6,7.9,10.5,3.4,3.0,1.1,1.9,4.9,7.1,96.0,106.0,,2013,2012-13
368.0,Dominic McGuire,27.0,IND,SF,2.0,1.0,12.0,0.0,13.3,0.0,0.0,0.0,,0.0,13.3,0.0,0.0,0.0,8.9,0.0,4.4,4.4,8.9,4.4,0.0,0.0,0.0,0.0,0.0,32.0,107.0,,2013,2012-13
369.0,Mickaël Piétrus,30.0,TOR,SF,19.0,16.0,386.0,4.7,13.5,0.347,2.8,8.8,0.313,1.9,4.7,0.412,0.449,1.7,2.5,0.667,0.7,4.3,5.0,1.2,1.7,0.8,2.2,4.5,13.8,89.0,109.0,,2013,2012-13
370.0,Jason Collins,34.0,2TM,C,38.0,9.0,384.0,1.2,3.9,0.31,0.0,0.0,,1.2,3.9,0.31,0.31,3.1,4.4,0.719,3.0,5.2,8.2,1.1,1.6,1.4,2.5,11.6,5.6,91.0,104.0,,2013,2012-13
370.0,Jason Collins,34.0,BOS,C,32.0,7.0,330.0,1.3,3.6,0.348,0.0,0.0,,1.3,3.6,0.348,0.348,3.3,4.8,0.7,3.3,4.9,8.2,1.0,1.6,1.0,2.5,11.7,5.9,94.0,105.0,,2013,2012-13
370.0,Jason Collins,34.0,WAS,C,6.0,2.0,54.0,1.0,5.8,0.167,0.0,0.0,,1.0,5.8,0.167,0.167,1.9,1.9,1.0,1.0,6.8,7.7,1.9,1.9,3.9,1.9,10.6,3.9,65.0,99.0,,2013,2012-13
371.0,Anthony Morrow,27.0,2TM,SG,41.0,1.0,383.0,8.6,19.6,0.441,2.2,5.8,0.372,6.5,13.8,0.471,0.497,2.7,3.0,0.909,1.5,2.6,4.0,1.8,1.8,0.1,1.1,5.8,22.1,107.0,109.0,,2013,2012-13
371.0,Anthony Morrow,27.0,ATL,SG,24.0,1.0,301.0,8.1,19.1,0.423,2.6,6.5,0.395,5.5,12.6,0.438,0.491,2.8,3.1,0.889,1.7,2.8,4.5,1.5,2.1,0.2,0.7,5.7,21.5,109.0,107.0,,2013,2012-13
371.0,Anthony Morrow,27.0,DAL,SG,17.0,0.0,82.0,10.6,21.2,0.5,0.6,3.1,0.2,10.0,18.0,0.552,0.515,2.5,2.5,1.0,0.6,1.9,2.5,2.5,0.6,0.0,2.5,6.2,24.3,101.0,113.0,,2013,2012-13
372.0,Reggie Williams,26.0,CHA,SF,40.0,0.0,380.0,7.9,18.2,0.432,3.0,9.9,0.306,4.8,8.3,0.583,0.515,1.4,2.9,0.476,1.1,5.9,7.0,5.4,1.7,0.1,2.6,2.6,20.2,102.0,113.0,,2013,2012-13
373.0,Mike Scott,24.0,ATL,PF,40.0,1.0,376.0,9.6,20.3,0.476,0.0,0.1,0.0,9.6,20.1,0.479,0.476,5.9,7.7,0.768,5.4,9.8,15.2,1.7,0.6,0.3,2.9,4.4,25.2,106.0,106.0,,2013,2012-13
374.0,Linas Kleiza,28.0,TOR,SF,20.0,3.0,376.0,6.8,20.3,0.333,2.8,9.3,0.303,4.0,11.0,0.359,0.403,4.5,5.4,0.842,1.4,5.9,7.3,2.3,0.6,0.3,2.0,6.4,20.9,96.0,111.0,,2013,2012-13
375.0,Lou Amundson,30.0,3TM,PF,39.0,0.0,372.0,4.6,11.6,0.395,0.0,0.0,,4.6,11.6,0.395,0.395,1.7,5.1,0.333,6.9,8.3,15.1,1.6,2.3,1.7,2.7,7.6,10.8,89.0,105.0,,2013,2012-13
375.0,Lou Amundson,30.0,MIN,PF,20.0,0.0,161.0,4.5,12.2,0.368,0.0,0.0,,4.5,12.2,0.368,0.368,1.3,6.4,0.2,7.4,7.7,15.1,1.0,2.2,1.9,3.5,8.3,10.3,77.0,103.0,,2013,2012-13
375.0,Lou Amundson,30.0,CHI,PF,1.0,0.0,2.0,0.0,26.9,0.0,0.0,0.0,,0.0,26.9,0.0,0.0,0.0,0.0,,26.9,0.0,26.9,0.0,0.0,0.0,0.0,0.0,0.0,59.0,113.0,,2013,2012-13
375.0,Lou Amundson,30.0,NOH,PF,18.0,0.0,209.0,4.7,10.9,0.429,0.0,0.0,,4.7,10.9,0.429,0.429,2.1,4.2,0.5,6.2,8.8,15.0,2.1,2.3,1.6,2.1,7.0,11.4,102.0,106.0,,2013,2012-13
376.0,Jeff Ayres,25.0,IND,PF,37.0,0.0,369.0,8.8,18.2,0.484,0.3,0.6,0.5,8.5,17.6,0.484,0.492,3.0,3.3,0.913,4.2,10.8,15.0,2.2,0.9,1.7,3.3,6.3,20.9,104.0,99.0,,2013,2012-13
377.0,Timofey Mozgov,26.0,DEN,C,41.0,1.0,366.0,6.1,12.0,0.506,0.0,0.3,0.0,6.1,11.7,0.518,0.506,2.8,3.6,0.769,6.9,7.9,14.8,1.2,0.8,2.5,3.4,7.9,14.9,107.0,105.0,,2013,2012-13
378.0,Tyrus Thomas,26.0,CHA,PF,26.0,2.0,360.0,7.0,19.8,0.353,0.4,1.2,0.375,6.6,18.7,0.352,0.364,3.8,4.5,0.839,2.3,6.4,8.7,2.8,2.0,2.2,2.5,7.4,18.2,88.0,110.0,,2013,2012-13
379.0,Johan Petro,27.0,ATL,C,31.0,8.0,352.0,7.1,16.2,0.436,0.1,0.6,0.25,6.9,15.6,0.443,0.441,1.6,1.8,0.917,4.9,11.6,16.5,2.4,1.5,1.3,3.5,7.1,15.9,92.0,101.0,,2013,2012-13
380.0,Jared Jeffries,31.0,POR,PF,38.0,0.0,350.0,2.4,8.1,0.296,0.0,0.3,0.0,2.4,7.8,0.308,0.296,1.8,3.5,0.522,3.9,5.1,9.0,2.1,0.9,0.9,2.6,8.7,6.6,80.0,111.0,,2013,2012-13
381.0,Quincy Acy,22.0,TOR,PF,29.0,0.0,342.0,6.5,11.6,0.56,0.2,0.3,0.5,6.4,11.3,0.562,0.567,4.8,5.9,0.816,4.7,7.3,12.0,1.7,2.0,2.3,2.6,8.2,18.0,120.0,105.0,,2013,2012-13
382.0,Dominique Jones,24.0,DAL,PG,29.0,3.0,338.0,6.0,16.5,0.367,0.2,1.4,0.111,5.9,15.1,0.39,0.372,5.3,8.0,0.66,2.7,4.1,6.8,12.5,2.1,0.3,5.7,4.4,17.5,93.0,108.0,,2013,2012-13
383.0,Kevin Jones,23.0,CLE,PF,32.0,0.0,334.0,6.7,16.7,0.402,0.0,0.0,,6.7,16.7,0.402,0.402,1.4,2.3,0.6,5.9,6.2,12.1,1.6,1.4,0.8,1.2,3.9,14.8,99.0,110.0,,2013,2012-13
384.0,Anthony Randolph,23.0,DEN,PF,39.0,0.0,329.0,8.6,17.5,0.491,0.0,1.2,0.0,8.6,16.3,0.528,0.491,4.8,6.9,0.689,4.5,10.1,14.6,1.8,2.9,3.2,5.7,6.3,21.9,94.0,99.0,,2013,2012-13
385.0,Hamed Haddadi,27.0,2TM,C,30.0,0.0,322.0,5.7,13.3,0.427,0.0,0.0,,5.7,13.3,0.427,0.427,2.3,4.4,0.519,7.0,11.0,18.0,1.9,1.0,4.4,5.0,9.7,13.6,85.0,101.0,,2013,2012-13
385.0,Hamed Haddadi,27.0,MEM,C,13.0,0.0,87.0,4.4,13.1,0.333,0.0,0.0,,4.4,13.1,0.333,0.333,0.6,1.2,0.5,6.2,8.7,15.0,2.5,0.6,3.7,2.5,9.4,9.4,85.0,99.0,,2013,2012-13
385.0,Hamed Haddadi,27.0,PHO,C,17.0,0.0,235.0,6.1,13.3,0.459,0.0,0.0,,6.1,13.3,0.459,0.459,2.8,5.5,0.52,7.2,11.8,19.0,1.7,1.1,4.6,5.9,9.8,15.1,85.0,102.0,,2013,2012-13
386.0,Terrence Williams,25.0,BOS,SF,24.0,0.0,318.0,7.9,16.0,0.495,0.8,2.5,0.333,7.1,13.5,0.524,0.521,1.5,3.5,0.429,0.7,6.6,7.2,6.3,1.8,0.3,3.6,2.1,18.1,95.0,104.0,,2013,2012-13
387.0,Rasheed Wallace,38.0,NYK,C,21.0,0.0,296.0,9.9,25.6,0.387,4.0,12.5,0.319,6.0,13.2,0.452,0.465,2.5,3.6,0.7,2.0,13.0,15.0,1.1,2.3,2.7,1.8,7.2,26.4,99.0,99.0,,2013,2012-13
388.0,DeAndre Liggins,24.0,OKC,SG,39.0,1.0,290.0,3.7,8.3,0.447,1.2,3.4,0.368,2.5,5.0,0.5,0.521,1.6,3.2,0.5,2.3,7.1,9.4,2.7,3.2,0.5,2.5,5.9,10.3,101.0,101.0,,2013,2012-13
389.0,Malcolm Lee,22.0,MIN,SG,16.0,12.0,289.0,5.2,13.6,0.382,1.4,4.3,0.333,3.8,9.3,0.404,0.434,2.1,3.6,0.6,2.7,4.3,7.0,3.6,2.1,1.1,1.8,5.4,14.0,100.0,106.0,,2013,2012-13
390.0,Nolan Smith,24.0,POR,PG,40.0,0.0,288.0,7.7,20.8,0.368,1.1,5.1,0.214,6.6,15.7,0.419,0.395,3.6,5.1,0.714,1.3,3.6,4.9,6.4,1.3,0.2,5.3,4.7,20.1,85.0,112.0,,2013,2012-13
391.0,Chris Johnson,27.0,MIN,C,30.0,0.0,284.0,8.7,13.7,0.64,0.0,0.0,,8.7,13.7,0.64,0.64,3.8,6.2,0.618,3.6,7.3,10.9,1.5,1.3,5.1,2.4,8.9,21.3,119.0,101.0,,2013,2012-13
392.0,Perry Jones,21.0,OKC,SF,38.0,1.0,280.0,7.2,18.2,0.394,0.0,0.4,0.0,7.2,17.8,0.402,0.394,1.8,2.8,0.667,2.2,9.2,11.4,1.8,0.9,1.1,2.8,4.2,16.2,85.0,104.0,,2013,2012-13
393.0,Terrence Jones,21.0,HOU,PF,19.0,0.0,276.0,7.8,17.0,0.457,0.9,3.4,0.263,6.9,13.6,0.507,0.484,2.4,3.1,0.765,5.1,6.7,11.8,2.7,2.2,3.4,2.4,3.8,18.8,108.0,102.0,,2013,2012-13
394.0,Tony Wroten,19.0,MEM,SG,35.0,0.0,272.0,6.6,17.2,0.384,0.8,3.2,0.25,5.8,14.0,0.414,0.407,4.2,5.8,0.724,2.6,3.0,5.6,8.6,1.6,0.8,5.8,6.8,18.2,91.0,104.0,,2013,2012-13
395.0,Kwame Brown,30.0,PHI,C,22.0,11.0,269.0,3.3,7.3,0.459,0.0,0.0,,3.3,7.3,0.459,0.459,1.4,3.7,0.368,4.5,10.0,14.5,1.8,1.2,2.0,1.6,7.3,8.0,100.0,103.0,,2013,2012-13
396.0,Kent Bazemore,23.0,GSW,SG,61.0,0.0,267.0,8.2,22.1,0.371,1.9,6.5,0.294,6.3,15.6,0.402,0.414,5.1,8.4,0.614,1.0,3.2,4.2,4.2,3.2,0.8,3.4,5.1,23.4,91.0,104.0,,2013,2012-13
397.0,Donald Sloan,25.0,2TM,SG,23.0,0.0,263.0,5.3,15.4,0.346,1.4,3.8,0.368,4.0,11.7,0.339,0.391,4.0,4.9,0.8,0.6,4.9,5.5,7.5,1.0,0.0,2.8,3.4,16.0,99.0,113.0,,2013,2012-13
397.0,Donald Sloan,25.0,CLE,SG,20.0,0.0,257.0,5.5,15.8,0.346,1.4,3.8,0.368,4.0,11.9,0.339,0.391,4.0,5.1,0.8,0.6,5.1,5.7,7.5,1.0,0.0,2.6,3.4,16.4,100.0,113.0,,2013,2012-13
397.0,Donald Sloan,25.0,NOH,PG,3.0,0.0,6.0,0.0,0.0,,0.0,0.0,,0.0,0.0,,,0.0,0.0,,0.0,0.0,0.0,9.0,0.0,0.0,9.0,0.0,0.0,40.0,119.0,,2013,2012-13
398.0,Corey Maggette,33.0,DET,SF,18.0,0.0,257.0,5.6,15.6,0.355,1.0,4.3,0.238,4.5,11.3,0.4,0.388,7.4,9.9,0.75,1.0,4.1,5.1,3.9,1.2,0.4,3.5,8.6,19.5,97.0,111.0,,2013,2012-13
399.0,Troy Murphy,32.0,DAL,PF,14.0,1.0,256.0,4.4,12.2,0.361,2.2,7.0,0.314,2.2,5.2,0.423,0.451,2.0,2.2,0.909,1.4,8.4,9.8,1.4,2.0,1.2,1.4,5.8,13.0,99.0,105.0,,2013,2012-13
400.0,Marcus Camby,38.0,NYK,PF,24.0,4.0,250.0,3.6,11.3,0.321,0.0,0.0,,3.6,11.3,0.321,0.321,1.7,4.1,0.421,5.1,12.0,17.1,3.0,1.5,3.0,3.2,6.0,9.0,82.0,101.0,,2013,2012-13
401.0,DeSagana Diop,31.0,CHA,C,22.0,1.0,226.0,1.9,6.3,0.296,0.0,0.2,0.0,1.9,6.0,0.308,0.296,0.0,0.2,0.0,2.3,9.5,11.8,3.0,1.2,3.7,1.9,4.4,3.7,74.0,108.0,,2013,2012-13
402.0,Viacheslav Kravtsov,25.0,DET,C,25.0,0.0,224.0,7.8,10.9,0.717,0.0,0.0,,7.8,10.9,0.717,0.717,2.6,8.7,0.297,5.7,5.0,10.6,2.1,1.2,2.1,3.3,7.5,18.2,109.0,109.0,,2013,2012-13
403.0,James Jones,32.0,MIA,SF,38.0,0.0,221.0,5.0,14.6,0.344,3.8,12.7,0.302,1.2,1.9,0.625,0.475,0.5,1.0,0.5,0.0,5.3,5.3,3.1,0.5,1.4,0.7,3.8,14.4,101.0,108.0,,2013,2012-13
404.0,Tyshawn Taylor,22.0,BRK,PG,38.0,0.0,221.0,7.8,21.3,0.368,1.5,3.2,0.462,6.4,18.1,0.351,0.402,3.7,6.6,0.556,0.5,3.9,4.4,5.1,3.2,0.0,6.1,6.1,20.8,80.0,106.0,,2013,2012-13
405.0,Jeremy Evans,25.0,UTA,PF,37.0,0.0,215.0,6.6,10.8,0.614,0.0,0.2,0.0,6.6,10.6,0.628,0.614,5.2,8.1,0.636,6.4,7.9,14.2,2.7,2.0,3.2,2.0,7.4,18.4,130.0,104.0,,2013,2012-13
406.0,Josh Howard,32.0,MIN,SF,11.0,4.0,207.0,7.7,19.2,0.403,1.2,4.0,0.313,6.5,15.2,0.426,0.435,1.7,3.0,0.583,2.2,6.7,9.0,1.0,2.5,0.7,2.5,4.5,18.5,88.0,104.0,,2013,2012-13
407.0,Robert Sacre,23.0,LAL,C,32.0,3.0,203.0,4.5,12.0,0.375,0.0,0.0,,4.5,12.0,0.375,0.375,1.8,2.8,0.636,2.3,6.3,8.5,1.5,0.0,2.5,2.5,9.5,10.8,83.0,108.0,,2013,2012-13
408.0,Maalik Wayns,21.0,2TM,PG,27.0,1.0,202.0,6.8,23.0,0.295,1.8,8.1,0.226,5.0,14.9,0.333,0.335,4.4,5.0,0.895,0.3,1.6,1.8,7.0,1.6,0.0,3.9,6.8,19.8,83.0,110.0,,2013,2012-13
408.0,Maalik Wayns,21.0,PHI,PG,21.0,1.0,165.0,6.1,23.0,0.264,1.6,8.0,0.2,4.5,15.0,0.298,0.299,4.2,4.8,0.867,0.3,1.3,1.6,6.4,1.0,0.0,4.2,5.8,17.9,75.0,112.0,,2013,2012-13
408.0,Maalik Wayns,21.0,LAC,PG,6.0,0.0,37.0,10.0,22.8,0.438,2.8,8.5,0.333,7.1,14.2,0.5,0.5,5.7,5.7,1.0,0.0,2.8,2.8,10.0,4.3,0.0,2.8,11.4,28.5,120.0,102.0,,2013,2012-13
409.0,Ben Hansbrough,25.0,IND,PG,28.0,0.0,200.0,4.0,12.0,0.333,1.6,6.1,0.261,2.4,5.9,0.409,0.4,5.6,7.2,0.778,0.5,4.3,4.8,5.6,1.9,0.5,4.8,6.1,15.2,92.0,102.0,,2013,2012-13
410.0,Shavlik Randolph,29.0,BOS,PF,16.0,0.0,198.0,7.4,12.7,0.583,0.0,0.0,,7.4,12.7,0.583,0.583,2.9,7.1,0.407,7.4,11.1,18.5,1.1,2.1,1.8,2.6,10.0,17.7,110.0,98.0,,2013,2012-13
411.0,Devin Ebanks,23.0,LAL,SF,19.0,3.0,197.0,6.2,18.8,0.329,1.5,5.7,0.273,4.6,13.2,0.353,0.37,2.8,3.6,0.786,2.6,8.0,10.6,2.6,0.8,0.3,2.8,5.9,16.8,87.0,108.0,,2013,2012-13
412.0,Samardo Samuels,24.0,CLE,C,18.0,1.0,196.0,5.8,15.9,0.367,0.0,0.3,0.0,5.8,15.7,0.373,0.367,3.7,6.4,0.583,2.7,4.8,7.4,2.1,0.8,0.8,1.6,8.0,15.4,92.0,112.0,,2013,2012-13
413.0,Hedo Türkoğlu,33.0,ORL,SF,11.0,1.0,189.0,3.9,14.6,0.264,0.3,6.6,0.042,3.6,8.0,0.448,0.274,0.8,1.7,0.5,1.1,6.1,7.2,6.3,1.9,0.3,3.3,3.0,8.8,68.0,109.0,,2013,2012-13
414.0,Jon Leuer,23.0,2TM,C,28.0,0.0,187.0,7.1,14.8,0.481,0.0,0.9,0.0,7.1,13.9,0.51,0.481,1.7,3.7,0.462,3.7,6.8,10.5,2.3,1.7,0.0,2.3,6.0,15.9,99.0,106.0,,2013,2012-13
414.0,Jon Leuer,23.0,CLE,C,9.0,0.0,91.0,5.7,16.0,0.357,0.0,1.7,0.0,5.7,14.3,0.4,0.357,1.1,3.4,0.333,2.9,4.6,7.4,2.9,1.1,0.0,2.9,6.3,12.6,78.0,113.0,,2013,2012-13
414.0,Jon Leuer,23.0,MEM,PF,19.0,0.0,96.0,8.5,13.6,0.625,0.0,0.0,,8.5,13.6,0.625,0.625,2.3,4.0,0.571,4.5,9.0,13.6,1.7,2.3,0.0,1.7,5.7,19.2,124.0,99.0,,2013,2012-13
415.0,Earl Barron,31.0,2TM,C,12.0,2.0,159.0,5.9,16.8,0.353,0.0,0.0,,5.9,16.8,0.353,0.353,1.0,2.3,0.429,7.2,12.9,20.1,1.6,1.6,2.0,3.6,7.9,12.9,81.0,99.0,,2013,2012-13
415.0,Earl Barron,31.0,WAS,C,11.0,1.0,122.0,5.5,15.8,0.351,0.0,0.0,,5.5,15.8,0.351,0.351,0.9,2.1,0.4,6.8,11.5,18.4,1.3,2.1,2.1,4.3,9.8,12.0,76.0,97.0,,2013,2012-13
415.0,Earl Barron,31.0,NYK,C,1.0,1.0,37.0,7.2,20.2,0.357,0.0,0.0,,7.2,20.2,0.357,0.357,1.4,2.9,0.5,8.7,17.3,26.0,2.9,0.0,1.4,1.4,1.4,15.9,98.0,103.0,,2013,2012-13
416.0,Drew Gooden,31.0,MIL,C,16.0,0.0,151.0,6.7,20.5,0.328,0.3,1.7,0.2,6.4,18.8,0.339,0.336,3.7,5.4,0.688,4.4,6.0,10.4,2.0,1.7,2.0,3.0,7.1,17.5,84.0,105.0,,2013,2012-13
417.0,Diante Garrett,24.0,PHO,PG,19.0,0.0,149.0,5.5,16.9,0.327,1.0,5.2,0.2,4.5,11.7,0.382,0.357,1.7,3.4,0.5,1.7,3.4,5.2,10.7,3.4,0.0,5.5,1.7,13.8,80.0,108.0,,2013,2012-13
418.0,Jeremy Lamb,20.0,OKC,SF,23.0,0.0,147.0,8.4,23.8,0.353,3.1,10.5,0.3,5.2,13.3,0.395,0.419,4.9,4.9,1.0,1.7,4.5,6.3,1.7,0.7,0.7,2.1,4.5,24.8,100.0,108.0,,2013,2012-13
419.0,Vladimir Radmanović,32.0,CHI,PF,25.0,0.0,144.0,4.8,16.0,0.302,1.9,10.1,0.185,3.0,6.0,0.5,0.36,0.7,1.1,0.667,3.7,6.7,10.4,3.0,3.0,1.5,2.6,10.8,12.3,84.0,100.0,,2013,2012-13
420.0,Justin Holiday,23.0,PHI,SG,9.0,0.0,142.0,5.9,17.8,0.333,1.5,5.9,0.25,4.5,11.9,0.375,0.375,2.2,3.0,0.75,0.0,5.2,5.2,5.6,1.1,2.2,3.3,2.6,15.6,82.0,107.0,,2013,2012-13
421.0,Aron Baynes,26.0,SAS,C,16.0,0.0,141.0,6.5,13.0,0.5,0.0,0.4,0.0,6.5,12.7,0.514,0.5,2.5,4.3,0.583,4.3,7.2,11.6,1.8,0.4,2.2,4.0,8.3,15.5,94.0,103.0,,2013,2012-13
422.0,Terrel Harris,25.0,2TM,SG,20.0,0.0,137.0,1.6,10.6,0.148,0.0,3.1,0.0,1.6,7.5,0.211,0.148,2.8,3.9,0.7,1.6,8.7,10.2,3.5,0.8,1.2,6.7,6.7,5.9,48.0,109.0,,2013,2012-13
422.0,Terrel Harris,25.0,MIA,SG,7.0,0.0,29.0,3.7,14.6,0.25,0.0,1.8,0.0,3.7,12.8,0.286,0.25,11.0,14.6,0.75,7.3,9.1,16.4,3.7,0.0,0.0,7.3,5.5,18.3,88.0,107.0,,2013,2012-13
422.0,Terrel Harris,25.0,NOH,SG,13.0,0.0,108.0,1.0,9.5,0.105,0.0,3.5,0.0,1.0,6.0,0.167,0.105,0.5,1.0,0.5,0.0,8.5,8.5,3.5,1.0,1.5,6.5,7.0,2.5,28.0,109.0,,2013,2012-13
423.0,Brandon Roy,28.0,MIN,SG,5.0,5.0,122.0,4.7,14.8,0.314,0.0,3.8,0.0,4.7,11.0,0.423,0.314,3.0,4.2,0.7,1.3,4.7,5.9,9.7,1.3,0.0,3.0,2.1,12.3,88.0,109.0,,2013,2012-13
424.0,Al Harrington,32.0,ORL,C,10.0,0.0,119.0,8.8,24.9,0.351,3.5,13.1,0.267,5.3,11.8,0.444,0.421,1.3,1.8,0.75,2.6,9.2,11.8,4.4,1.8,0.4,3.1,7.9,22.3,90.0,107.0,,2013,2012-13
425.0,Daniel Orton,22.0,OKC,C,13.0,0.0,104.0,5.9,12.9,0.462,0.0,0.0,,5.9,12.9,0.462,0.462,4.4,8.4,0.529,6.4,6.4,12.9,2.0,2.0,1.5,2.0,6.4,16.3,110.0,103.0,,2013,2012-13
426.0,Chris Johnson,22.0,MEM,SF,8.0,0.0,102.0,5.9,13.3,0.44,3.2,9.6,0.333,2.7,3.7,0.714,0.56,0.5,1.1,0.5,2.7,3.2,5.9,1.1,2.1,0.0,1.6,2.7,15.4,111.0,104.0,,2013,2012-13
427.0,Josh Childress,29.0,BRK,SF,14.0,0.0,100.0,3.2,11.4,0.286,0.5,1.6,0.333,2.7,9.7,0.278,0.31,0.5,1.1,0.5,3.2,4.9,8.1,2.7,1.1,1.1,0.0,1.6,7.6,96.0,109.0,,2013,2012-13
428.0,Tornike Shengelia,21.0,BRK,SF,19.0,0.0,93.0,5.8,13.4,0.435,0.6,1.2,0.5,5.2,12.2,0.429,0.457,5.2,9.3,0.563,5.2,8.1,13.4,1.7,1.7,0.6,6.4,6.4,17.4,86.0,106.0,,2013,2012-13
429.0,D.J. White,26.0,BOS,PF,12.0,0.0,86.0,7.3,14.0,0.522,0.0,0.0,,7.3,14.0,0.522,0.522,3.0,5.5,0.556,2.4,5.5,7.9,2.4,0.6,3.7,1.2,3.0,17.6,110.0,104.0,,2013,2012-13
430.0,Keyon Dooling,32.0,MEM,PG,7.0,0.0,82.0,6.6,13.9,0.476,3.3,7.9,0.417,3.3,6.0,0.556,0.595,4.0,4.6,0.857,0.0,0.7,0.7,5.3,0.7,0.0,3.3,5.3,20.5,117.0,108.0,,2013,2012-13
431.0,Chris Quinn,29.0,CLE,SG,7.0,0.0,78.0,2.7,10.7,0.25,0.0,3.3,0.0,2.7,7.3,0.364,0.25,1.3,1.3,1.0,0.7,0.7,1.3,6.0,2.0,0.0,4.0,2.7,6.7,66.0,113.0,,2013,2012-13
432.0,Danny Granger,29.0,IND,SF,5.0,0.0,74.0,7.2,25.2,0.286,1.4,7.2,0.2,5.8,18.0,0.32,0.314,3.6,5.8,0.625,2.2,4.3,6.5,2.2,1.4,0.7,2.9,4.3,19.4,77.0,103.0,,2013,2012-13
433.0,Joel Przybilla,33.0,MIL,C,12.0,1.0,68.0,0.7,3.0,0.25,0.0,0.0,,0.7,3.0,0.25,0.25,0.0,1.5,0.0,3.7,11.9,15.7,3.0,0.7,1.5,3.0,7.5,1.5,66.0,103.0,,2013,2012-13
434.0,Jeremy Tyler,21.0,2TM,C,21.0,0.0,68.0,6.7,18.0,0.375,0.0,0.0,,6.7,18.0,0.375,0.375,3.0,4.5,0.667,4.5,10.5,15.0,0.7,0.7,1.5,4.5,7.5,16.5,80.0,104.0,,2013,2012-13
434.0,Jeremy Tyler,21.0,GSW,C,20.0,0.0,63.0,7.3,19.4,0.375,0.0,0.0,,7.3,19.4,0.375,0.375,3.2,4.8,0.667,4.8,8.9,13.7,0.8,0.8,1.6,4.8,8.1,17.7,80.0,105.0,,2013,2012-13
434.0,Jeremy Tyler,21.0,ATL,C,1.0,0.0,5.0,0.0,0.0,,0.0,0.0,,0.0,0.0,,,0.0,0.0,,0.0,31.1,31.1,0.0,0.0,0.0,0.0,0.0,0.0,,94.0,,2013,2012-13
435.0,Chris Douglas-Roberts,26.0,DAL,SG,6.0,0.0,63.0,4.1,11.3,0.357,0.0,3.2,0.0,4.1,8.1,0.5,0.357,5.7,8.1,0.7,0.0,4.1,4.1,3.2,1.6,0.0,0.8,3.2,13.8,101.0,110.0,,2013,2012-13
436.0,Josh Selby,21.0,MEM,PG,10.0,0.0,59.0,5.5,20.2,0.273,0.9,5.5,0.167,4.6,14.7,0.313,0.295,6.4,10.1,0.636,0.0,4.6,4.6,3.7,1.8,0.0,6.4,6.4,18.4,70.0,103.0,,2013,2012-13
437.0,Luke Zeller,25.0,PHO,C,16.0,0.0,58.0,8.0,23.0,0.346,0.9,4.4,0.2,7.1,18.6,0.381,0.365,0.0,0.0,,0.9,8.0,8.9,2.7,0.0,0.0,0.0,4.4,16.8,86.0,112.0,,2013,2012-13
438.0,Jarvis Varnado,24.0,2TM,PF,13.0,0.0,58.0,2.7,6.4,0.429,0.0,0.0,,2.7,6.4,0.429,0.429,1.8,3.6,0.5,1.8,6.4,8.2,2.7,0.9,1.8,5.5,9.1,7.3,68.0,105.0,,2013,2012-13
438.0,Jarvis Varnado,24.0,BOS,PF,5.0,0.0,18.0,5.8,11.6,0.5,0.0,0.0,,5.8,11.6,0.5,0.5,5.8,11.6,0.5,2.9,5.8,8.7,2.9,2.9,0.0,2.9,2.9,17.4,100.0,103.0,,2013,2012-13
438.0,Jarvis Varnado,24.0,MIA,PF,8.0,0.0,40.0,1.3,4.0,0.333,0.0,0.0,,1.3,4.0,0.333,0.333,0.0,0.0,,1.3,6.6,7.9,2.6,0.0,2.6,6.6,11.9,2.6,44.0,106.0,,2013,2012-13
439.0,Malcolm Thomas,24.0,2TM,PF,12.0,0.0,57.0,4.6,9.2,0.5,0.0,0.0,,4.6,9.2,0.5,0.5,4.6,7.4,0.625,4.6,10.2,14.8,3.7,1.8,1.8,2.8,7.4,13.8,109.0,100.0,,2013,2012-13
439.0,Malcolm Thomas,24.0,GSW,PF,5.0,0.0,21.0,0.0,2.4,0.0,0.0,0.0,,0.0,2.4,0.0,0.0,7.3,9.7,0.75,0.0,12.1,12.1,4.8,0.0,2.4,2.4,2.4,7.3,104.0,104.0,,2013,2012-13
439.0,Malcolm Thomas,24.0,CHI,PF,7.0,0.0,36.0,7.5,13.4,0.556,0.0,0.0,,7.5,13.4,0.556,0.556,3.0,6.0,0.5,7.5,9.0,16.4,3.0,3.0,1.5,3.0,10.4,17.9,111.0,98.0,,2013,2012-13
440.0,Miles Plumlee,24.0,IND,C,14.0,0.0,55.0,4.8,20.3,0.238,0.0,0.0,,4.8,20.3,0.238,0.238,2.9,3.9,0.75,11.6,9.7,21.3,1.9,0.0,2.9,2.9,4.8,12.6,82.0,100.0,,2013,2012-13
441.0,Kris Joseph,24.0,2TM,SF,10.0,0.0,54.0,2.0,13.8,0.143,0.0,3.0,0.0,2.0,10.9,0.182,0.143,4.9,7.9,0.625,1.0,5.9,6.9,1.0,3.0,0.0,2.0,3.0,8.9,57.0,104.0,,2013,2012-13
441.0,Kris Joseph,24.0,BOS,SF,6.0,0.0,24.0,4.4,24.0,0.182,0.0,4.4,0.0,4.4,19.6,0.222,0.182,6.5,8.7,0.75,2.2,8.7,10.9,2.2,0.0,0.0,4.4,4.4,15.3,59.0,107.0,,2013,2012-13
441.0,Kris Joseph,24.0,BRK,SF,4.0,0.0,30.0,0.0,5.4,0.0,0.0,1.8,0.0,0.0,3.6,0.0,0.0,3.6,7.2,0.5,0.0,3.6,3.6,0.0,5.4,0.0,0.0,1.8,3.6,53.0,102.0,,2013,2012-13
442.0,Kevin Murphy,22.0,UTA,SG,17.0,0.0,52.0,7.1,28.4,0.25,1.0,5.1,0.2,6.1,23.3,0.261,0.268,0.0,0.0,,0.0,4.1,4.1,2.0,1.0,0.0,3.0,4.1,15.2,57.0,112.0,,2013,2012-13
443.0,Juwan Howard,39.0,MIA,PF,7.0,2.0,51.0,10.4,19.7,0.526,0.0,0.0,,10.4,19.7,0.526,0.526,1.0,1.0,1.0,0.0,8.3,8.3,6.2,0.0,0.0,4.2,9.3,21.8,98.0,108.0,,2013,2012-13
444.0,Fab Melo,22.0,BOS,C,6.0,0.0,36.0,4.4,8.7,0.5,0.0,0.0,,4.4,8.7,0.5,0.5,1.5,5.8,0.25,0.0,4.4,4.4,0.0,2.9,2.9,1.5,10.2,10.2,77.0,100.0,,2013,2012-13
445.0,Tyler Honeycutt,22.0,SAC,SF,9.0,0.0,32.0,4.8,17.6,0.273,0.0,3.2,0.0,4.8,14.4,0.333,0.273,3.2,3.2,1.0,4.8,11.2,16.0,3.2,0.0,1.6,8.0,3.2,12.8,64.0,111.0,,2013,2012-13
446.0,Cory Higgins,23.0,CHA,SG,6.0,0.0,32.0,9.8,31.2,0.316,1.6,8.2,0.2,8.2,23.0,0.357,0.342,1.6,3.3,0.5,1.6,3.3,4.9,8.2,4.9,0.0,0.0,8.2,23.0,90.0,108.0,,2013,2012-13
447.0,Dexter Pittman,24.0,2TM,C,11.0,0.0,32.0,6.7,18.5,0.364,0.0,0.0,,6.7,18.5,0.364,0.364,0.0,5.0,0.0,11.8,8.4,20.2,0.0,0.0,0.0,5.0,13.4,13.4,75.0,105.0,,2013,2012-13
447.0,Dexter Pittman,24.0,MIA,C,4.0,0.0,12.0,13.2,22.1,0.6,0.0,0.0,,13.2,22.1,0.6,0.6,0.0,0.0,,17.6,13.2,30.9,0.0,0.0,0.0,8.8,17.6,26.5,103.0,104.0,,2013,2012-13
447.0,Dexter Pittman,24.0,MEM,C,7.0,0.0,20.0,2.7,16.3,0.167,0.0,0.0,,2.7,16.3,0.167,0.167,0.0,8.1,0.0,8.1,5.4,13.6,0.0,0.0,0.0,2.7,10.9,5.4,48.0,106.0,,2013,2012-13
448.0,Josh Harrellson,23.0,MIA,C,6.0,0.0,31.0,6.8,15.4,0.444,1.7,8.5,0.2,5.1,6.8,0.75,0.5,1.7,3.4,0.5,5.1,6.8,12.0,0.0,1.7,1.7,5.1,6.8,17.1,87.0,104.0,,2013,2012-13
449.0,Lazar Hayward,26.0,MIN,SF,4.0,0.0,31.0,3.3,16.7,0.2,0.0,6.7,0.0,3.3,10.0,0.333,0.2,10.0,10.0,1.0,0.0,6.7,6.7,5.0,3.3,0.0,0.0,5.0,16.7,102.0,103.0,,2013,2012-13
450.0,Quentin Richardson,32.0,NYK,SF,1.0,0.0,29.0,1.8,20.3,0.091,1.8,7.4,0.25,0.0,12.9,0.0,0.136,3.7,3.7,1.0,9.2,9.2,18.4,1.8,0.0,0.0,3.7,1.8,9.2,67.0,110.0,,2013,2012-13
451.0,Julyan Stone,24.0,DEN,PG,4.0,0.0,28.0,3.6,3.6,1.0,0.0,0.0,,3.6,3.6,1.0,1.0,5.4,7.2,0.75,3.6,1.8,5.4,3.6,1.8,0.0,3.6,7.2,12.6,131.0,110.0,,2013,2012-13
452.0,Jared Cunningham,21.0,DAL,SG,8.0,0.0,26.0,11.8,27.5,0.429,3.9,5.9,0.667,7.9,21.6,0.364,0.5,3.9,3.9,1.0,2.0,3.9,5.9,2.0,2.0,0.0,3.9,5.9,31.4,98.0,109.0,,2013,2012-13
453.0,Quincy Miller,20.0,DEN,PF,7.0,0.0,26.0,7.8,23.3,0.333,0.0,1.9,0.0,7.8,21.4,0.364,0.333,1.9,3.9,0.5,1.9,1.9,3.9,5.8,1.9,0.0,1.9,5.8,17.5,86.0,110.0,,2013,2012-13
454.0,Solomon Jones,28.0,NYK,PF,2.0,1.0,26.0,0.0,2.1,0.0,0.0,0.0,,0.0,2.1,0.0,0.0,0.0,0.0,,2.1,4.1,6.2,0.0,0.0,2.1,6.2,6.2,0.0,17.0,110.0,,2013,2012-13
455.0,Eddy Curry,30.0,DAL,C,2.0,0.0,25.0,8.2,16.3,0.5,0.0,0.0,,8.2,16.3,0.5,0.5,2.0,8.2,0.25,4.1,4.1,8.2,0.0,0.0,0.0,6.1,14.3,18.4,74.0,113.0,,2013,2012-13
456.0,Brandon Rush,27.0,GSW,SF,2.0,0.0,25.0,12.2,18.3,0.667,0.0,4.1,0.0,12.2,14.2,0.857,0.667,4.1,6.1,0.667,0.0,2.0,2.0,4.1,0.0,0.0,6.1,10.2,28.5,104.0,113.0,,2013,2012-13
457.0,Scott Machado,22.0,HOU,PG,6.0,0.0,21.0,7.1,14.3,0.5,0.0,2.4,0.0,7.1,11.9,0.6,0.5,4.8,4.8,1.0,0.0,2.4,2.4,14.3,4.8,0.0,19.0,0.0,19.0,69.0,104.0,,2013,2012-13
458.0,Will Conroy,30.0,MIN,PG,4.0,0.0,20.0,0.0,23.3,0.0,0.0,7.8,0.0,0.0,15.5,0.0,0.0,2.6,5.2,0.5,2.6,0.0,2.6,0.0,0.0,0.0,0.0,2.6,2.6,21.0,115.0,,2013,2012-13
459.0,Tim Ohlbrecht,24.0,HOU,C,3.0,0.0,12.0,4.2,12.5,0.333,0.0,0.0,,4.2,12.5,0.333,0.333,4.2,4.2,1.0,0.0,4.2,4.2,4.2,4.2,0.0,16.6,4.2,12.5,46.0,104.0,,2013,2012-13
460.0,Josh Akognon,26.0,DAL,PG,3.0,0.0,9.0,11.3,22.7,0.5,5.7,11.3,0.5,5.7,11.3,0.5,0.625,0.0,0.0,,0.0,5.7,5.7,5.7,0.0,0.0,0.0,17.0,28.4,130.0,111.0,,2013,2012-13
461.0,DaJuan Summers,25.0,LAC,PF,2.0,0.0,7.0,7.5,30.1,0.25,0.0,0.0,,7.5,30.1,0.25,0.25,0.0,0.0,,0.0,15.0,15.0,7.5,0.0,0.0,0.0,0.0,15.0,71.0,104.0,,2013,2012-13
462.0,Darius Johnson-Odom,23.0,LAL,SG,4.0,0.0,6.0,0.0,33.9,0.0,0.0,8.5,0.0,0.0,25.4,0.0,0.0,0.0,0.0,,8.5,25.4,33.9,8.5,0.0,0.0,0.0,0.0,0.0,35.0,100.0,,2013,2012-13
463.0,Matt Carroll,32.0,CHA,SG,1.0,0.0,6.0,0.0,0.0,,0.0,0.0,,0.0,0.0,,,0.0,0.0,,0.0,0.0,0.0,8.7,0.0,0.0,0.0,8.7,0.0,217.0,121.0,,2013,2012-13
464.0,Andrew Goudelock,24.0,LAL,SG,1.0,0.0,6.0,0.0,16.9,0.0,0.0,0.0,,0.0,16.9,0.0,0.0,0.0,0.0,,8.5,0.0,8.5,0.0,0.0,0.0,0.0,0.0,0.0,38.0,116.0,,2013,2012-13
465.0,Henry Sims,22.0,NOH,C,2.0,0.0,5.0,21.7,32.5,0.667,0.0,0.0,,21.7,32.5,0.667,0.667,0.0,0.0,,21.7,0.0,21.7,0.0,0.0,0.0,10.8,10.8,43.4,105.0,118.0,,2013,2012-13
466.0,Darko Miličić,27.0,BOS,C,1.0,0.0,5.0,0.0,10.5,0.0,0.0,0.0,,0.0,10.5,0.0,0.0,0.0,0.0,,0.0,10.5,10.5,0.0,0.0,0.0,20.9,10.5,0.0,0.0,105.0,,2013,2012-13
467.0,Chris Wright,23.0,DAL,SG,3.0,0.0,4.0,12.8,25.5,0.5,0.0,0.0,,12.8,25.5,0.5,0.5,0.0,0.0,,0.0,0.0,0.0,0.0,0.0,0.0,12.8,0.0,25.5,59.0,116.0,,2013,2012-13
468.0,Justin Dentmon,27.0,DAL,PG,2.0,0.0,4.0,0.0,25.5,0.0,0.0,0.0,,0.0,25.5,0.0,0.0,0.0,0.0,,0.0,0.0,0.0,0.0,0.0,0.0,0.0,0.0,0.0,0.0,116.0,,2013,2012-13
469.0,Damion James,25.0,BRK,SF,2.0,0.0,0.0,,,,,,,,,,,,,,,,,,,,,,,,,,2013,2012-13
,League Average,,,,,,,,,0.453,,,0.359,,,0.483,0.496,,,0.753,,,,,,,,,,,,,2013,2012-13
